Catalog,Type,GaiaDR3,RA,DEC,Gmag,Bp-Rp,Voff(km/s),Sep(deg),3D(pc),Vr(pred),Vr(obs),Vrerr,Plx(mas),SpT,FnuvJ,W1-W3,RUWE,XCrate,RVsrc,PMRApred,PMDecpred,PMRA,PMRAerr,PMDec,PMDecerr
Gaia,DR3,1233393248815779456,212.3161866632634,17.728980697404296,17.819496154785156,2.316183090209961,4.098231506090493,8.486588852461956,58.69261537940009,-24.12204386193943,,,2.555921523776476,nan,,,1.0524970293045044,,None,2.2720248029104577,-8.487163243484758,2.6113856084456843,0.13695840537548065,-10.669114664365967,0.10479593276977539
Gaia,DR3,1232151522230855168,213.0787456990562,16.176792962636384,17.971940994262695,2.520261764526367,2.685412153362801,10.063845897802803,69.75709638906034,-23.631396345258064,,,2.5138096162249073,nan,,,0.9045424461364746,,None,2.3627185862426887,-8.699279729803525,2.0105556280637646,0.15110091865062714,-10.078115330828993,0.11070132255554199
Gaia,DR3,1231444677988226944,211.65786926670705,16.082283928279573,19.333404541015625,,3.6130425139280384,9.195627655915327,64.22883151386532,-23.705107411090538,,,2.4882512658721203,nan,,,1.081749439239502,,None,2.1020665804582097,-8.61602697054022,2.2051892014254735,0.32540056109428406,-10.508434895238908,0.2891569137573242
Gaia,DR3,1239998088181067904,214.19788257383323,19.663338257464584,17.606294631958008,2.5573158264160156,4.049405954264651,9.009305447004495,63.79153546408149,-24.50010010587695,,,2.641045252939654,nan,,,1.0032039880752563,,None,2.679063338836073,-8.338976290203691,0.44356255987287185,0.08160264790058136,-8.63137862713249,0.08469317108392715
Gaia,DR3,1233816393289108864,212.9236076005748,18.39870729051909,12.407360076904297,0.9860935211181641,0.7111112111336539,8.551210635644637,59.661089491153945,-24.261029946250325,-23.257963180541992,2.3526501655578613,2.5977076943470796,nan,,,1.1828327178955078,,Gaia_DR3,2.4146714125933686,-8.478725062734,2.0492247016474376,0.016964729875326157,-8.344199079843866,0.013179694302380085
Gaia,DR3,1240485859024565760,215.59987364370897,20.49953554464071,16.446250915527344,1.9997997283935547,4.135419490605334,9.967686277957057,69.73969062380502,-24.60066848489638,,,2.6307993871715305,nan,,,1.0013762712478638,,None,2.9127536721875913,-8.131227222323846,1.1394995640588,0.04422134533524513,-6.676679568349479,0.04690604656934738
Gaia,DR3,1243645958521759104,208.97180624338316,16.271545274801174,12.905074119567871,0.9068241119384766,2.1901813390933826,7.591348863298467,53.65874394973518,-23.920130855977312,-22.659299850463867,1.6964560747146606,2.468846372205572,nan,,,0.9123344421386719,,Gaia_DR3,1.6384441147622844,-8.48354324456137,1.5442268636736645,0.019151676446199417,-7.347547068545682,0.014886386692523956
Gaia,DR3,1243702652090123776,210.19107493405969,16.520359672595127,18.021390914916992,2.583192825317383,4.7240553129251435,7.985721691487414,55.27590783985001,-23.922471054182076,,,2.556077959086348,nan,,,1.0584298372268677,,None,1.9070394768234102,-8.738101350938907,1.05080884644009,0.17593705654144287,-11.135319840879676,0.1275668740272522
Gaia,DR3,1245462931551058688,211.1911819583543,18.117919143837028,18.07960319519043,2.367420196533203,4.632470911441357,7.421165258675343,56.868652983549005,-24.303644193046754,,,2.38877740484304,nan,,,1.042173981666565,,None,1.9431397481839152,-7.837034861990973,-0.28743258998207266,0.12992140650749207,-7.153984609745605,0.10776928812265396
Gaia,DR3,1244922594601272064,208.6039168707858,18.338867398247725,11.570331573486328,0.6481895446777344,3.9447416580533905,5.629125823456809,41.41354336885693,-24.510995187074155,-2.602465867996216,0.6600456237792969,2.441762736614428,nan,,,1.1232919692993164,,Gaia_DR3,1.5595894137832387,-7.937339802251188,0.4327653374452951,0.022040322422981262,-9.62653905970426,0.019771182909607887
Gaia,DR3,1243033049508745472,208.5652776048813,15.015499457475348,16.679784774780273,2.3040618896484375,3.665496830513709,8.577461239776028,69.4286181514383,-23.578425935886308,,,2.8017528962677773,nan,,,1.0743457078933716,,None,1.7821790531215713,-9.93172775990972,1.1576955959659225,0.07540349662303925,-12.004687218676917,0.054344452917575836
Gaia,DR3,1233735063788362240,213.1335257849789,18.062049949447374,17.16739845275879,2.4846954345703125,3.486145791281333,8.905670265165655,61.64137616727874,-24.15423408381836,,,2.5700171570305708,nan,,,1.0119167566299438,,None,2.4249417787749117,-8.468218034211745,1.7616456413793504,0.0911514088511467,-6.69977564144847,0.07295490056276321
Gaia,DR3,1233801309363911552,212.50409000857837,18.318913091089996,17.7486515045166,2.639812469482422,4.482194496898697,8.269019253503984,60.869732834684754,-24.269625255884165,,,2.68482251906453,nan,,,1.030923843383789,,None,2.4203685156479846,-8.776532190756308,0.5672923862588316,0.11611373722553253,-7.043961918273556,0.08213295042514801
Gaia,DR3,1243436050584464128,208.08310244675965,16.00172450635053,18.11467170715332,2.6416702270507812,3.4643928683794236,7.490233490148953,51.81719903254777,-23.887932042016942,,,2.53597766291517,nan,,,0.9638231992721558,,None,1.5301390191370223,-8.767517510352889,0.22369675496333108,0.15927276015281677,-10.080329042406502,0.10144183039665222
Gaia,DR3,1243516765906268288,207.8720312612521,16.53934866151101,14.092954635620117,1.1491718292236328,4.884574959568989,6.915698280388436,55.44153460222417,-24.050642275516495,-24.55732536315918,2.4552106857299805,2.3663733539471976,nan,,,0.9671471118927002,,Gaia_DR3,1.3938765439858973,-8.067423003060163,-0.6580815744901072,0.01825554110109806,-9.38155973986722,0.013288086280226707
Gaia,DR3,1244368917481620608,207.54471548803528,17.1319338528795,17.68436622619629,2.3594627380371094,3.752538839162192,6.250878349398364,45.296425633696,-24.231457008949032,,,2.4479932128899295,nan,,,1.050089716911316,,None,1.387487004402662,-8.214403237342966,1.4712669332256945,0.09854070097208023,-10.149131195105353,0.07860235869884491
Gaia,DR3,1246397726888722944,209.55047612238096,18.547178144179263,11.98146915435791,0.7611007690429688,4.1255111781715526,6.015559231369132,67.10099166663073,-24.517054339306863,38.558692932128906,0.7468203902244568,2.2325732377291594,nan,,,0.8639645576477051,,Gaia_DR3,1.5690754603028378,-7.223188115469691,3.4963035256407,0.012233620509505272,-6.986833628034085,0.010118739679455757
Gaia,DR3,1246965452845636096,210.8498933741541,19.944423980862847,16.380857467651367,2.115756034851074,3.3627930525614733,6.068871114067961,44.930908142113495,-24.808286855764056,,,2.43210548019826,nan,,,1.0037591457366943,,None,1.9225397126567039,-7.573740657159159,3.644736585232909,0.05427349731326103,-7.655684907459878,0.050981972366571426
Gaia,DR3,1245343810634032768,210.5794390328038,17.692775684434558,16.28249740600586,2.073603630065918,3.7049177863390326,7.305524540086404,62.68794203785173,-24.225806578993982,,,2.799615879136573,nan,,,1.0505698919296265,,None,2.1620531652672033,-9.283948742411788,3.2187133394954506,0.05749819800257683,-11.198280624183987,0.05252671614289284
Gaia,DR3,1246135008033253376,212.13818758132615,19.385046250058345,11.680797576904297,1.012289047241211,4.625119258398101,7.3976715171941745,51.56944681474617,-24.57915044409817,-12.878487586975098,0.5577032566070557,2.49678302897629,nan,,,0.9847384095191956,,Gaia_DR3,2.189692112826188,-7.917881870275319,2.790240876032733,0.014511516317725182,-5.558702061118556,0.014782233163714409
Gaia,DR3,1244258072965669632,206.74182653991954,16.831281644448865,18.546499252319336,2.408998489379883,4.738464981949159,6.320014000176543,45.18459796140717,-24.181954901126915,,,2.6054228966840114,nan,,,0.9729681611061096,,None,1.3343201278446242,-8.806729285093521,0.19849945130216962,0.15508532524108887,-6.4650565051541,0.11900126188993454
Gaia,DR3,1245644423984831104,210.4523961172954,18.488760940843665,16.23872184753418,1.8682870864868164,4.015311901800747,6.654063192391663,48.7995345227957,-24.44951021918962,,,2.6406153555260405,nan,,,0.9899983406066895,,None,2.016651435695453,-8.566938637502219,0.18311122186545326,0.04338807240128517,-7.28856687131519,0.037707000970840454
Gaia,DR3,1247587943930210304,204.93862811519193,17.568126707155773,11.97986888885498,0.8361778259277344,3.4401164458389046,5.421567030881637,38.26691626114358,-24.450110866946066,-10.350663185119629,0.7448925375938416,2.5747830445505673,nan,,,0.8810540437698364,,Gaia_DR3,1.0016826902940776,-8.522511711605695,1.097647640781258,0.013301928527653217,-10.38730538045791,0.010013939812779427
Gaia,DR3,1246050861034170240,212.68231078330874,19.62767435222408,18.342348098754883,2.6538448333740234,4.03317389982542,7.731305260509488,63.36805200058369,-24.604629962419477,,,2.778665999132813,nan,,,1.0355420112609863,,None,2.538083416910353,-8.758645070463308,4.888548232400841,0.12433329224586487,-8.52033221907029,0.12305933982133865
Gaia,DR3,1248759542289375104,203.82829403425177,19.267197503997377,18.793338775634766,2.853940963745117,4.900272788731242,3.9320522190696248,40.04554215032665,-24.935040418456065,,,2.7231227933779203,nan,,,0.9887845516204834,,None,0.8524433010420949,-8.586999989619683,1.6648780945658839,0.22196577489376068,-11.280185615334503,0.15572156012058258
Gaia,DR3,1245353293921871488,211.0440917045884,17.714695877179953,18.95238494873047,2.571481704711914,2.2163350521436795,7.596790998039839,52.67256187942482,-24.202964775413186,,,2.5613952645155824,nan,,,0.9817847609519958,,None,2.0582160317584957,-8.493944740689894,0.8632030952023497,0.25551047921180725,-8.55839561682103,0.19134096801280975
Gaia,DR3,1246298083647669504,212.61395717821452,20.273323267314822,16.447338104248047,2.1042613983154297,4.0295729926785135,7.400627696541973,67.91180396749196,-24.776279856227944,,,2.8606460814775514,nan,,,1.0189268589019775,,None,2.599893059555948,-8.848094056780111,0.8342620925579551,0.049682557582855225,-10.51772577174538,0.04486193507909775
Gaia,DR3,1246115667796624896,211.47053933823858,19.265279048302784,13.31173038482666,0.953434944152832,3.713682557261149,6.926202015979973,49.06762462979705,-24.592237418381764,14.099868774414062,3.02604603767395,2.468643463196338,nan,,,17.366905212402344,,Gaia_DR3,2.05445145907981,-7.847272089809576,3.9842917655220877,0.3981340527534485,-7.742994343366946,0.31713271141052246
Gaia,DR3,1247559154765069696,205.65225853191131,17.650091561430692,17.202526092529297,2.0125789642333984,3.7975457574911955,5.350375443006128,58.37407616479756,-24.4492715688227,,,2.2682787525539423,nan,,,0.987686038017273,,None,0.9930635803198649,-7.494782301614784,-0.7549213584500514,0.07654682546854019,-7.986741185710966,0.05378221720457077
Gaia,DR3,1246684660768484096,208.70293601642453,19.2996992645501,18.62721824645996,2.6157989501953125,4.569887210280281,4.9209824888893205,53.73957154940253,-24.760987059669663,,,2.285352963671962,nan,,,1.0185751914978027,,None,1.4750309148273208,-7.23054700834526,1.3694685700245663,0.1926359236240387,-9.429673966480758,0.16613435745239258
Gaia,DR3,1249105476134804480,204.09446404337112,20.185571592808994,17.67182731628418,2.6647167205810547,3.0567832728674302,2.982581119687359,20.788404134022667,-25.164771575127574,,,2.532501190798953,nan,,,1.008697509765625,,None,0.8389383480862036,-7.772673243883625,0.5913764028805919,0.10436360538005829,-9.385732062801964,0.061104558408260345
Gaia,DR3,1233279247499173888,211.59239658228825,17.443028662521595,14.637941360473633,1.3143749237060547,4.816028269022222,8.16050817181673,56.43929287972518,-24.09258196353306,-15.295297622680664,6.543344020843506,2.550111614456191,nan,,,1.1273057460784912,,Gaia_DR3,2.143118164099455,-8.524177796664011,0.16563535969325693,0.026323700323700905,-6.853036422844846,0.02243933640420437
Gaia,DR3,1250022404408563584,208.84312756644135,21.129648764628865,15.359282493591309,1.465500831604004,4.9359187423415545,3.8483969839087466,69.41375832892203,-25.22026560340999,,,2.1706858777964095,nan,,,1.0174856185913086,,None,1.4216467192229474,-6.5034335497769,-0.455715361137045,0.032541848719120026,-7.759293488184195,0.028047826141119003
Gaia,DR3,1248918185496987904,203.28855560752123,19.14793039175021,14.459118843078613,1.167510986328125,4.82534850706265,4.231950152036429,55.954350499112124,-24.916295382780675,-26.14825439453125,6.060205936431885,2.251929439426553,nan,,,0.9783815145492554,,Gaia_DR3,0.6216501129811784,-7.12374750953955,2.6277457781160307,0.021821772679686546,-6.0178338106744516,0.011607070453464985
Gaia,DR3,1243245255252876800,208.7809616131465,15.894089908409068,12.724947929382324,0.8161725997924805,1.4164133041422313,7.849936762130522,57.32468655249111,-23.822280860556834,17.537561416625977,4.051300525665283,2.4261377971636553,nan,,,2.970703125,,Gaia_DR3,1.578728690981535,-8.41579981111476,1.2622847688580427,0.05254923924803734,-9.067461454212296,0.03814379870891571
Gaia,DR3,1247586092800091136,204.8085591920948,17.52376091328838,13.90027141571045,1.0725517272949219,4.44456343009181,5.472803116697279,67.76120601483905,-24.441900271909308,-13.54893970489502,2.9953513145446777,2.9453133673971466,nan,,,8.795177459716797,,Gaia_DR3,1.1196319959148733,-9.759949944366968,3.07799187323298,0.1587781310081482,-11.704280620929637,0.10389962047338486
Gaia,DR3,1250533604300418432,210.06865378748114,21.989526220403768,18.662588119506836,2.5794448852539062,2.562024154987036,4.60291056619175,32.28841262270393,-25.365089941103324,,,2.4924272001767207,nan,,,0.995087206363678,,None,1.838958356621771,-7.281441959847197,2.9507696902206555,0.17594216763973236,-8.040405099846083,0.15554964542388916
Gaia,DR3,1251323057944699392,206.55724666133514,22.46313277010736,17.30121612548828,2.5134849548339844,2.722540900710911,1.3522283737412815,58.978581570631825,-25.644853617266502,,,2.9484646223298863,nan,,,0.9897461533546448,,None,1.4729134737464777,-8.440291100745966,2.211655768855856,0.08005104959011078,-9.9627666831437,0.06335385888814926
Gaia,DR3,1249530613474375040,204.90764932416565,20.853272016514733,19.524234771728516,2.595151901245117,4.752375464273206,2.1483955291196613,39.597953441592075,-25.310032640652384,,,2.7736825188045504,nan,,,1.001680612564087,,None,1.0731856622606668,-8.345769300898597,-0.5270569802793053,0.34017112851142883,-6.073984383107841,0.20738139748573303
Gaia,DR3,1250588751680866688,210.29896461315138,22.56376348051685,18.489118576049805,2.4438610076904297,4.86551775729892,4.715973234340762,67.71775631507755,-25.489492486646803,,,2.1955718047405384,nan,,,1.0254106521606445,,None,1.6540534214291525,-6.2986635952437116,-0.5798207982159971,0.18934129178524017,-6.583797438560163,0.15079514682292938
Gaia,DR3,1251034981602646784,207.2581537839043,21.670203957305805,19.088497161865234,2.77838134765625,1.6519761320391946,2.3097916745090696,29.669893896097705,-25.42639554662492,,,2.686712852793833,nan,,,1.0639259815216064,,None,1.4704140357561482,-7.897754837371003,1.0067374121141228,0.25477439165115356,-8.710439667860578,0.2433168590068817
Gaia,DR3,1251795951023817600,206.9714857612718,23.201503839696628,18.106021881103516,2.7453174591064453,4.818683589464177,1.6400428062579853,14.419709087608345,-25.80141623340723,,,2.461868777163944,nan,,,1.055046558380127,,None,1.2993147473541788,-6.878749632149494,3.5122533551719117,0.1379697024822235,-5.71381773753798,0.10303791612386703
Gaia,DR3,1249161482508452864,204.06307109714584,20.38077725347226,18.722068786621094,2.4754600524902344,2.9294657552166044,2.8108680807009128,44.22977056473433,-25.214998577380875,,,2.289783839060863,nan,,,1.025670051574707,,None,0.7536112990578263,-6.9861348667618275,0.1566330282831514,0.19004084169864655,-8.268024643677107,0.12120233476161957
Gaia,DR3,1249384614649352832,206.15530379825708,20.735437570387486,18.915184020996094,2.944629669189453,2.088183362050128,2.415518640378671,56.205723793096226,-25.239175853725964,,,2.9112588641745747,nan,,,1.0132924318313599,,None,1.3745287790310892,-8.801314205069268,2.456081133380342,0.2217406928539276,-9.488812787797944,0.15657958388328552
Gaia,DR3,1250201693523611520,208.1816094597887,21.264402042753133,9.945927619934082,1.1329936981201172,3.405154699290161,3.2500393803620975,34.20259443971339,-25.28585984677513,-14.382445335388184,0.2772795259952545,2.694473108434337,nan,,,1.0585901737213135,,Gaia_DR3,1.6437928746743053,-8.031841051981367,-0.1500790917704926,0.016803521662950516,-7.308540378762087,0.011872495524585247
Gaia,DR3,1249977801172608768,208.31688231004978,20.62470409085165,15.616217613220215,1.7157649993896484,4.400440849499939,3.7303495278196146,25.94852953754402,-25.120082258745434,,,2.5346391033094875,nan,,,1.0390692949295044,,None,1.5695573320340737,-7.707167295512577,2.4981517857875066,0.03333265706896782,-9.867308857912258,0.029248492792248726
Gaia,DR3,1251742792212882688,207.09716098562205,23.01094370336112,19.437620162963867,2.729837417602539,4.54932735197683,1.7425971085872443,12.154811823905995,-25.752128530225885,,,2.52500747057699,nan,,,1.057910442352295,,None,1.3542447234738617,-7.10198754903557,3.4554507541047776,0.37124085426330566,-8.30575088962408,0.2573298513889313
Gaia,DR3,1245681940523200128,211.00518763774807,18.509239434569405,19.352176666259766,2.4941158294677734,1.3169137114977534,7.030375113446784,50.036631479158174,-24.421075755672668,,,2.461846564482229,nan,,,0.9605356454849243,,None,1.9717797753851083,-7.988319915522666,1.8328868802394485,0.2731969356536865,-7.319127250842153,0.23461414873600006
Gaia,DR3,1244447502498080256,206.6423056688061,16.944148199777207,19.51885414123535,2.695648193359375,0.5569763892425514,6.18900607051416,66.72089280229972,-24.217479725352852,,,2.9066221297549992,nan,,,1.04295015335083,,None,1.468861940395283,-9.794853364711697,1.140020750086936,0.33391082286834717,-9.703537222457673,0.2556610107421875
Gaia,DR3,1249619261598282368,205.57630522423878,21.015051778928804,15.781457901000977,1.717402458190918,3.8501949137492075,1.998891946624196,13.901428491367142,-25.329044667613005,,,2.5108929208072315,nan,,,1.00546133518219,,None,1.086255962090807,-7.52148117029889,-0.926526167795993,0.04007444903254509,-7.201927498138938,0.0262138769030571
Gaia,DR3,1251304675484644352,206.7687947963084,22.292480344665204,17.990421295166016,2.680776596069336,2.9140237766863146,1.6009524630777197,58.30818035613518,-25.596115290378528,,,2.1998145007052443,nan,,,0.9853153228759766,,None,1.1306371935935213,-6.3341794666846605,2.337592026198031,0.12944944202899933,-6.941986045479762,0.08611112087965012
Gaia,DR3,1250201693523358464,208.1819166479427,21.26416197523337,12.772342681884766,,4.029150382971692,3.2504098068341873,43.71996736827717,-25.285786189699316,-198.6069793701172,4.576366424560547,2.7824481494378626,nan,,,2.5835697650909424,,Gaia_DR3,1.6975210412975494,-8.29414762170375,-0.6394348905453873,0.07239550352096558,-7.9417862778180774,0.04820270836353302
Gaia,DR3,1249739241509411200,205.11440765785088,21.795513553281275,19.93378257751465,2.368764877319336,3.453218056056874,1.191358722834552,15.053451808536892,-25.534910748106373,,,2.439060084134127,nan,,,1.0979008674621582,,None,0.9781956442805435,-7.12506681131036,2.3130725814580257,0.4962804317474365,-8.295858235382376,0.3329143226146698
Gaia,DR3,1249962854686407168,208.60786928928098,20.566116178676207,17.723772048950195,2.4486846923828125,1.9218474227653832,3.979121686483273,60.74624785209995,-25.091148703478126,,,2.2189555528773766,nan,,,1.0048598051071167,,None,1.4178739245573708,-6.761767670687261,1.1323999425933,0.09690850228071213,-5.909299283823969,0.08261066675186157
Gaia,DR3,1250494915234935936,210.63789973926805,21.911572046470468,19.966171264648438,2.4017333984375,4.23219857687003,5.134714026831448,57.92926282976832,-25.313146036221475,,,2.26438137872149,nan,,,1.0977283716201782,,None,1.7576281386646988,-6.638056967604748,0.10688192176394873,0.4541352093219757,-7.802737570893425,0.4379207491874695
Gaia,DR3,1251507432300817664,208.42629892049428,22.9225188044829,11.102873802185059,0.6794633865356445,2.331243309622606,2.9674484951582256,63.65696137158398,-25.672620766543844,-2.591778516769409,0.8346443772315979,2.9697742579565176,nan,,,1.9667893648147583,,Gaia_DR3,1.8610604355358427,-8.393457356874869,3.170738725416926,0.039919011294841766,-9.037558174471679,0.030578885227441788
Gaia,DR3,1251689087942255744,208.78500682909248,23.46543547455745,17.357337951660156,2.1941909790039062,4.443819922744215,3.3254657734264277,24.36971522246052,-25.781029693852943,,,2.5710824259029637,nan,,,0.9914433360099792,,None,1.673751493733856,-7.138467486391479,1.4963534310520155,0.0762726441025734,-4.736414353718973,0.0650358647108078
Gaia,DR3,1251915625992665216,208.46165008554576,23.961344820175086,16.447595596313477,1.9825201034545898,4.386903104376823,3.143470186326991,58.79391218343995,-25.909627389563045,,,2.9214481923365243,nan,,,1.0046066045761108,,None,1.8377824026369887,-7.969133772264899,2.1010226017856573,0.053584929555654526,-10.658043894476709,0.04484901949763298
Gaia,DR3,1249957636301731200,209.06590642684313,20.952258537617656,17.63799476623535,2.6287593841552734,4.763854019584025,4.117059838724377,61.91124245881434,-25.16476962420991,,,2.9279938343859637,nan,,,1.0767860412597656,,None,1.9618167444940533,-8.823232193342323,3.9593708536844803,0.1162366196513176,-10.981070730840209,0.10288399457931519
Gaia,DR3,1248126330966261760,206.96787782961596,18.96293820878299,12.681083679199219,0.9066686630249023,4.511892062682666,4.344964617803211,31.808956414491455,-24.75203447706439,42.91068649291992,1.573738694190979,2.589910797630495,nan,,,0.9785710573196411,,Gaia_DR3,1.366255885308862,-8.258548189355581,3.3145888352032418,0.013946553692221642,-6.751121608156963,0.009777224622666836
Gaia,DR3,1251170668209543936,206.06402652903552,21.692194167988006,19.73443603515625,2.4128761291503906,1.9788905442820839,1.5168933134812244,15.596545744438178,-25.478250584854294,,,2.591703373285523,nan,,,1.0737099647521973,,None,1.2075122261853117,-7.603018228078072,0.2582639872698731,0.4854111075401306,-8.120589457551503,0.299846887588501
Gaia,DR3,1250949670667738624,206.26983699887612,21.17118110782496,13.482675552368164,0.9155845642089844,1.4745802083048085,2.064220139491518,16.186174756055326,-25.343230752060684,-14.780998229980469,2.4053027629852295,2.566137786642721,nan,,,1.0107415914535522,,Gaia_DR3,1.2316316144240536,-7.654696836597546,1.3429954942133588,0.01854942925274372,-6.864808467270735,0.011147153563797474
Gaia,DR3,1255650323394238464,215.6031823673242,25.040195546532306,19.792892456054688,2.675325393676758,1.1681559792482379,9.716035449618714,67.17823448429024,-25.683111466468198,,,2.575746493939139,nan,,,0.9877023696899414,,None,2.852362543357182,-6.877947809873568,3.2583299490062814,0.34730857610702515,-6.390579390973183,0.33785006403923035
Gaia,DR3,1251962041703816448,207.70669478057846,24.136480908263277,19.08112907409668,2.687030792236328,4.789657933610551,2.5669597862865596,41.12299692253638,-25.983429871404315,,,2.3032507721792643,nan,,,1.0576627254486084,,None,1.3308147356883684,-6.23681543539893,0.41836651035194605,0.23680724203586578,-8.375951648964072,0.20990687608718872
Gaia,DR3,1252892572138084864,215.0585288056116,22.020647950108277,17.546913146972656,2.3553295135498047,4.845990468096364,9.152972298572779,63.231606077999686,-25.02616483494851,,,2.5507369858780464,nan,,,1.066756248474121,,None,2.7329244871171023,-7.519769156612256,5.225005089413315,0.081641286611557,-6.758402049108202,0.08959366381168365
Gaia,DR3,1246994796062208768,211.09565185720373,20.18809316973514,13.608304977416992,0.9979019165039062,3.7719839284425003,6.149365342760529,47.30983793387584,-24.85559971745377,-6.054412364959717,1.9833436012268066,2.4048299302356093,nan,,,1.0303497314453125,,Gaia_DR3,1.9407482237707931,-7.438055892945567,1.619473108697453,0.013492964208126068,-5.552983872204188,0.01268301997333765
Gaia,DR3,1252227367603443712,214.3104407550772,20.781574278081067,18.853239059448242,3.002248764038086,4.613377285341829,8.73036087379073,66.64183520838485,-24.77867617372369,,,2.3742069828488264,nan,,,1.0351983308792114,,None,2.4261237543986223,-7.257235749779685,0.21797617835837801,0.1815672665834427,-7.932281110593703,0.19415000081062317
Gaia,DR3,1248736834797593344,203.9243296992193,19.098534552106017,18.402755737304688,0.8125457763671875,0.9501198448809747,4.064846094131519,28.362682634066523,-24.888553288356103,,,2.501627468938127,nan,,,0.9414522647857666,,None,0.799562909515795,-7.927679571610843,0.4928552632823475,0.40840214490890503,-7.531454193829385,0.1997445523738861
Gaia,DR3,1251901366700509568,208.41946795462505,23.854056767442106,19.627445220947266,2.627552032470703,4.415616891965605,3.075817070751801,50.01027889858838,-25.8873715138137,,,2.26162745134318,nan,,,0.9438460469245911,,None,1.416239847133185,-6.19198635521291,-0.6876947502119977,0.355686753988266,-6.266407554085815,0.29323843121528625
Gaia,DR3,1251071024968347904,207.68374444605902,22.010372819748767,18.035669326782227,2.4861907958984375,4.249656627257122,2.4889841011401743,24.051702457664057,-25.49034011981636,,,2.41621072059092,nan,,,1.0029641389846802,,None,1.3923132526916984,-7.029308167987076,2.2145230197910464,0.13781580328941345,-5.026931099901386,0.09920898079872131
Gaia,DR3,1250949636308000000,206.26847013164715,21.17000677640604,16.544530868530273,1.8820371627807617,1.5751677192570237,2.064648231553732,22.4910836671703,-25.342991530897358,,,2.63228935757134,nan,,,1.0048593282699585,,None,1.2631360064711874,-7.852302142440008,0.9769826411619578,0.06277889013290405,-7.026388070267768,0.03928740322589874
Gaia,DR3,1253917213896179200,214.21931986878278,23.37974032949865,18.03941535949707,2.569272994995117,1.4311377656455628,8.29522133212629,62.44366654649983,-25.417109687506528,,,2.7127181281987838,nan,,,1.021104097366333,,None,2.7556291421907453,-7.638922487351156,2.7094440929375123,0.10690157115459442,-6.821804443591508,0.11363165825605392
Gaia,DR3,1256683344633174400,212.1044144960218,23.160768339428703,18.323566436767578,2.5249900817871094,2.942959540223632,6.350026342683457,43.984334182802336,-25.517999278031198,,,2.5227535943996844,nan,,,1.431578278541565,,None,2.2067601342837486,-7.1210063279322355,3.695197503748098,0.2004612237215042,-6.637078325323287,0.1991899162530899
Gaia,DR3,1248577680489253760,206.2204244388383,20.186728376949926,19.208526611328125,2.973419189453125,4.800555184542419,2.952459432843868,22.798484207707045,-25.098373196334197,,,2.4570048656139027,nan,,,1.1064109802246094,,None,1.1709714016757564,-7.553407967821192,3.645357944491017,0.2952156364917755,-7.308249202600136,0.2155996859073639
Gaia,DR3,1248167077320497408,206.65655845445738,18.928524983373364,19.32440185546875,2.5429744720458984,3.4236613907731126,4.276063154133265,47.35291156433838,-24.755545683353695,,,2.307751491603025,nan,,,1.0007643699645996,,None,1.1684641652706653,-7.363949355413235,0.018982969955905094,0.292441189289093,-6.1585772194381665,0.20801565051078796
Gaia,DR3,1248517203054400256,206.70115757064067,20.06579933098094,19.990732192993164,2.543600082397461,2.9931453723706274,3.2332614509646276,22.863223531422637,-25.049141160149816,,,2.548536767248771,nan,,,1.049508810043335,,None,1.2981245468812812,-7.866876611383262,0.13692031636645363,0.4936775863170624,-8.979330774230249,0.38765397667884827
Gaia,DR3,1257803167161914368,210.0712321321905,24.459293228475325,12.660056114196777,0.8246278762817383,4.4481509940312325,4.693214177299235,64.28038758917229,-25.93816629585226,1.5157299041748047,2.8344414234161377,2.934961794041121,nan,,,0.9990752935409546,,Gaia_DR3,2.1659792831148987,-7.889618486021151,4.802961161322027,0.013718278147280216,-8.677461996767999,0.01151207648217678
Gaia,DR3,1258553029796441344,209.804031839926,25.86655993103348,18.975740432739258,2.317380905151367,3.985788920004409,5.083446950192608,66.9089869056809,-26.25780123250039,,,2.208367878285264,nan,,,1.6502550840377808,,None,1.5899096697554622,-5.6346030403746905,2.3015118502434357,0.3504832983016968,-7.348300019224824,0.2820570766925812
Gaia,DR3,1257389063595049984,211.9607601876766,24.45154719955059,18.275056838989258,2.7657527923583984,4.6197095062291496,6.356659880651884,46.594366420912976,-25.822362057093667,,,2.6332990413838213,nan,,,1.0288712978363037,,None,2.2781057306991275,-7.109466817972764,1.2779011182658944,0.1352839469909668,-9.470897650335957,0.12117604911327362
Gaia,DR3,1249436154256936576,206.09464195115854,20.920839644333896,19.457185745239258,2.44964599609375,4.511782657041492,2.2222239426325694,28.493093205063634,-25.28762197166272,,,2.374374561562411,nan,,,1.0672640800476074,,None,1.1112157367131865,-7.13684003141182,-1.1336257168233033,0.34690919518470764,-6.890320444897538,0.2767440378665924
Gaia,DR3,1249750374064083584,208.05159794993725,19.561592452952862,18.87060546875,2.4654159545898438,4.650080785854566,4.3300436479448345,58.97239962548283,-24.86093602166082,,,2.2364957077632384,nan,,,1.0296012163162231,,None,1.3446548733390196,-7.017192393623532,0.27077747211970093,0.20913293957710266,-5.105803657259498,0.16771720349788666
Gaia,DR3,1258736824332603520,211.10360449343958,27.016880466398522,15.912008285522461,1.7294025421142578,2.822583514533724,6.695216645396577,49.1306581849021,-26.422165075397782,,,2.4324974762219633,nan,,,4.860280513763428,,None,1.9643776406456772,-5.953863368295336,2.490187816582452,0.18441927433013916,-4.605342279435417,0.15692393481731415
Gaia,DR3,1258583579899609216,210.28533201687753,26.10254065931974,15.529560089111328,1.81280517578125,3.715244257679643,5.574651814048678,64.3090917307778,-26.281067911498553,,,2.236916360133828,nan,,,1.0750337839126587,,None,1.6831437677635226,-5.662450379010945,2.9849094906454203,0.03123346157371998,-6.834981730414845,0.027372723445296288
Gaia,DR3,1256589267669882240,210.61599829734314,22.674726862591427,18.073230743408203,2.8938961029052734,1.955350877537582,4.997039554125789,58.93188874711516,-25.497290251010753,,,2.253899723105691,nan,,,1.1003108024597168,,None,1.7461663887249625,-6.446185155423733,0.8253794760235944,0.14277713000774384,-6.570004063906694,0.1225622296333313
Gaia,DR3,1250630911079495424,209.2719506620208,21.82653653222734,17.94915008544922,2.4560375213623047,1.9451844518365073,3.934454195379361,27.6590232106535,-25.369092463249423,,,2.4927849786544924,nan,,,0.9762995839118958,,None,1.7049882310863582,-7.311239431135649,1.434647065412586,0.10976119339466095,-6.32543341581142,0.08999358117580414
Gaia,DR3,1259148587142144512,213.00021303380294,26.146657683234068,18.378231048583984,2.5285415649414062,1.64683418555263,7.7614638495719825,60.89562967082464,-26.120179527787933,,,2.7389236437043905,nan,,,1.038140058517456,,None,2.559945889308853,-6.96977143780407,3.4060342825563095,0.16318431496620178,-7.403693121370623,0.17652441561222076
Gaia,DR3,1258994277556862336,214.16292025199388,26.01977382386777,19.418962478637695,2.4056434631347656,2.2264273734393494,8.69599312441212,66.42610748631341,-26.00925271930367,,,2.374035559474104,nan,,,0.9759637713432312,,None,2.4026982471613634,-6.09076193588525,1.5815848476473375,0.3072378635406494,-6.843989066148761,0.3053458333015442
Gaia,DR3,1260018163400289280,212.4011193797888,27.166283895408615,19.70728874206543,2.8160552978515625,3.1120921892623987,7.742192536452911,55.318952660202854,-26.37104062143661,,,2.631616879240589,nan,,,1.1777191162109375,,None,2.3542728162156914,-6.426123749524183,3.4074658881396536,0.5018709301948547,-7.794182389538892,0.4655473530292511
Gaia,DR3,1252353437778975744,212.7005132853969,20.501278958700176,17.853479385375977,2.2353248596191406,4.905376076931097,7.390865568387469,65.03636312071076,-24.82830358241175,,,2.3021093822894874,nan,,,1.0668439865112305,,None,2.1055890253910303,-7.0737011857060015,1.8393612061203506,0.10469522327184677,-4.70801711361742,0.09255746006965637
Gaia,DR3,1255790957803282304,214.25810299342774,25.03947653981507,19.667808532714844,2.574657440185547,2.2320105290940635,8.519826253424215,64.94401806963177,-25.790127300523984,,,2.734249764221598,nan,,,1.0649224519729614,,None,2.784541277109803,-7.272503123334349,1.500166843712333,0.34198635816574097,-7.197763146493315,0.31232142448425293
Gaia,DR3,1258055603863984256,209.66985217769337,24.805359912838174,19.097095489501953,2.443653106689453,4.985494414373405,4.4702444156270555,31.364062341077762,-26.03649925903937,,,2.4926939463051343,nan,,,1.0141428709030151,,None,1.7720075715346866,-6.6129265864416436,4.387721118118927,0.2631036639213562,-6.466618097667888,0.21880070865154266
Gaia,DR3,1258736785677832192,211.10333717543998,27.00955116743276,18.540945053100586,2.444643020629883,2.7692440923286448,6.690743828056901,66.94320240594665,-26.420696519484782,,,2.2566810212195545,nan,,,1.0486174821853638,,None,1.8223554545155387,-5.525134143619586,2.7769531911241288,0.1879548281431198,-4.617209921587882,0.15233834087848663
Gaia,DR3,1258910955190993024,214.56833414332078,25.6215087081241,19.459196090698242,2.4039745330810547,4.925071356207469,8.929784694817304,67.72263525313195,-25.893069915723377,,,2.3775764923981337,nan,,,1.0277400016784668,,None,2.4702347156656037,-6.197834485876628,0.16040016231853915,0.34903404116630554,-7.068640185325638,0.36872461438179016
Gaia,DR3,1251388891203353216,206.27266603594651,22.68747873893113,19.163484573364258,2.620790481567383,3.8357982964188397,1.028276677273928,10.779035305110446,-25.708432883951367,,,2.46599981540124,nan,,,0.9958217144012451,,None,1.1840456979310416,-7.004580828184839,-0.7505176231707825,0.26396632194519043,-6.5210783802814545,0.1777007132768631
Gaia,DR3,1252389068827718656,213.02115999336408,20.83129740436902,18.271060943603516,2.522674560546875,2.14665265237224,7.563736554279486,64.62427581543805,-24.888846401079082,,,2.8081241411379056,nan,,,1.0153758525848389,,None,2.6285509083115666,-8.548849147619984,2.1839516819791847,0.14035898447036743,-7.358384519148821,0.13619643449783325
Gaia,DR3,1257941499467885184,208.88816957552072,24.446283631816062,19.758874893188477,2.7535438537597656,4.928265975155173,3.6759132583712644,49.63952787971702,-25.997470333903564,,,2.824204154689744,nan,,,1.0308912992477417,,None,1.858274614395399,-7.578548671675352,3.5711629646627716,0.37225955724716187,-5.19627688095058,0.30436164140701294
Gaia,DR3,1258283413224984320,210.5034947440558,25.226947972047576,14.661089897155762,1.7418241500854492,4.600922230481595,5.33109179077315,56.134282261506605,-26.082218361234528,-18.970577239990234,3.1278626918792725,2.828816770995535,nan,,,1.0963460206985474,,Gaia_DR3,2.170125667647186,-7.403074226045929,0.2939142192225458,0.023688459768891335,-5.4011070239932435,0.020867476239800453
Gaia,DR3,1442048704290482560,203.7640136177322,22.146208020463828,17.328502655029297,2.0980358123779297,3.310217799285886,1.5718773503313441,68.66918780413936,-25.655915211348773,,,2.149860310105656,nan,,,1.8802107572555542,,None,0.6635228358989957,-6.202470071235346,1.0770966690146833,0.148406520485878,-7.644569089855675,0.08118940889835358
Gaia,DR3,1442984908377279232,203.26059812817394,22.819671250446774,13.898906707763672,1.004068374633789,2.5823581240173397,1.7980141860669827,65.30403020942909,-25.826081843812556,-29.239986419677734,2.329263925552368,2.1672961894009517,nan,,,0.9508878588676453,,Gaia_DR3,0.5941332111320841,-6.11232100085404,1.1616424518826536,0.01918763853609562,-7.14671670489344,0.009079008363187313
Gaia,DR3,1260443369458111104,212.3841358038884,28.52793193027085,14.362553596496582,1.3028459548950195,4.453490417636661,8.513850170117376,59.13620100055067,-26.63977150557927,-9.649872779846191,2.5719165802001953,2.5066493431170267,nan,,,0.9991459846496582,,Gaia_DR3,2.2396263977296282,-5.78756033338494,0.3100814584757857,0.019852738827466965,-4.440309682576103,0.017288465052843094
Gaia,DR3,1442736659266559104,201.3817612424746,22.44323808419328,18.311626434326172,2.264772415161133,4.39823603981037,3.5672109803541563,45.35588170542996,-25.767816220119006,,,2.7877790882386297,nan,,,1.051069736480713,,None,0.404817209739349,-7.954534321015719,-1.9207250849740765,0.18740621209144592,-9.08284394460006,0.16225793957710266
Gaia,DR3,1442268675335159424,203.75035338545288,23.11833250800258,19.30371856689453,2.519468307495117,3.6174893948579037,1.344601638132283,58.13750962225418,-25.88457824573836,,,2.1988990575094136,nan,,,0.9890252947807312,,None,0.676600087969403,-6.141066878442685,2.2805997408989285,0.2983585596084595,-5.652051506830455,0.16248716413974762
Gaia,DR3,1442058294952861312,203.55403100517418,22.078174042482118,19.912321090698242,2.3721961975097656,4.380135988498202,1.773115795413074,15.117906051940162,-25.64451040237242,,,2.573890183347457,nan,,,1.0107015371322632,,None,0.7573613101223851,-7.441287405895768,-1.589452306972365,0.4838051497936249,-7.816822972498877,0.30424371361732483
Gaia,DR3,1441841313204975744,203.78610001173567,21.681481234199524,13.651561737060547,1.3177213668823242,2.869109657826318,1.848590111134984,49.173027192986034,-25.543616633356468,6.328018665313721,5.309915065765381,2.8586171611019657,nan,,,3.594222068786621,,Gaia_DR3,0.8865955535685401,-8.372613992726183,2.3299156299528887,0.06322196125984192,-9.324591256162252,0.03519555553793907
Gaia,DR3,1253210232214850944,212.06932982465526,21.329659536731427,14.823293685913086,1.5723810195922852,1.2548498583206287,6.568911525619899,51.74987319325188,-25.07976245251753,9.461038589477539,3.169489860534668,2.7013502202843664,nan,,,1.0486563444137573,,Gaia_DR3,2.356635551960229,-8.08536137477371,3.0280615928479913,0.022056754678487778,-7.840734153166828,0.022187169641256332
Gaia,DR3,1253451265779463552,211.94077005252646,21.944585137786934,17.340435028076172,2.3327255249023438,4.212280211872929,6.310800539280332,44.70199130749538,-25.239158567911986,,,2.4720023644783193,nan,,,1.041839599609375,,None,2.1352526214731253,-7.256319321830948,2.73595741746841,0.0775013267993927,-5.144995730091969,0.06225132569670677
Gaia,DR3,1441859180269550848,204.6334510511301,21.542007629261303,12.139893531799316,0.8843145370483398,3.1504019790935476,1.5356902518495261,32.07568908872076,-25.48762589714805,15.323925018310547,2.0536396503448486,2.3385774901092646,nan,,,8.606914520263672,,Gaia_DR3,0.8609736170092628,-6.8844295119775705,2.405943354109118,0.11562938243150711,-6.725385352121299,0.06796161085367203
Gaia,DR3,1445199015557986432,205.325631302839,25.374894597595787,16.85811424255371,2.0086193084716797,4.119608674999859,2.393485616655947,44.91586555106656,-26.343203254127747,,,2.2784910064622848,nan,,,0.9800784587860107,,None,0.946693287695032,-5.878255578401655,1.3562655466188485,0.06856317073106766,-7.814170912434816,0.04334532469511032
Gaia,DR3,1443387982467745792,202.3397809249185,24.26960501124429,20.095823287963867,2.2833194732666016,4.813070608526384,2.9222881714575144,30.987542667096495,-26.172948773767157,,,2.6770996615098834,nan,,,1.057170033454895,,None,0.5648095524709258,-7.174341949740676,-1.6730192965647848,0.6486074924468994,-5.634725271372993,0.44898340106010437
Gaia,DR3,1443363136081741696,202.2087934036643,24.122654868064956,19.602848052978516,2.768342971801758,4.408269237060828,2.9725877572157766,33.4558734218407,-26.1423224270968,,,2.362310878228299,nan,,,1.0361151695251465,,None,0.4771610621616187,-6.363716435329474,2.563454007917002,0.3818965554237366,-7.046930432878541,0.31768107414245605
Gaia,DR3,1444284153163844608,206.3973003892571,24.371471286855297,14.279420852661133,1.1377248764038086,4.222292105857002,1.7659943967190836,24.250763963484097,-26.08847927412467,-28.056598663330078,3.0837819576263428,2.3909791739905426,nan,,,1.0081716775894165,,Gaia_DR3,1.1683474718804434,-6.408541304954931,1.4840322625107576,0.02027665264904499,-4.303870395507604,0.01345614530146122
Gaia,DR3,1443558574273042560,206.1514875987191,23.006251629494727,19.684701919555664,2.479379653930664,3.9918809468765173,0.872185410421384,8.586595479425416,-25.78734259603775,,,2.555195231357324,nan,,,1.0125625133514404,,None,1.2057507732310024,-7.179722848321933,1.1025721720661386,0.3483223021030426,-5.031929829293001,0.2673896253108978
Gaia,DR3,1444062837793447424,206.19389233400693,24.062025296335243,19.218013763427734,2.675565719604492,3.9474126164434717,1.409051605394619,44.42517905242376,-26.026878976615066,,,2.2690429440768254,nan,,,1.0435447692871094,,None,1.0772847878673768,-6.147486757948148,0.5386309843382351,0.292792409658432,-4.337755396311156,0.1892211139202118
Gaia,DR3,1442186491136923264,204.38702462692848,22.696195739375625,20.146055221557617,2.3208255767822266,3.2751304654606628,0.8063136727720315,34.348279046899705,-25.77032199990089,,,2.3183111508592047,nan,,,0.9813758134841919,,None,0.8144174004205946,-6.5709242734847315,1.1264085432425746,0.5227441191673279,-8.140856120784289,0.3555193245410919
Gaia,DR3,1441294031292388224,203.15197726313926,20.186207741816983,14.461033821105957,1.1705245971679688,4.71302434208359,3.386503752276559,33.43806569878767,-25.186815452653352,-71.96505737304688,4.83015775680542,2.377495265942333,nan,,,0.990108072757721,,Gaia_DR3,0.6340515914234373,-7.292758892724564,2.9932697539351483,0.023218020796775818,-7.174758950711449,0.011346022598445415
Gaia,DR3,1441606876710344832,202.3883758450372,21.260786529899683,19.773420333862305,1.9655323028564453,3.854935900090377,3.126243665167948,58.94814056769998,-25.469245471300386,,,2.213741431575946,nan,,,1.0070955753326416,,None,0.4744329418196207,-6.566109708002379,2.2484868714480424,0.502741813659668,-6.267452308677208,0.21102595329284668
Gaia,DR3,1442988791027716480,203.28037261114463,22.91249195571642,17.718360900878906,2.1450042724609375,1.3964098453436007,1.7731115579733454,33.78176592355611,-25.847292461459986,,,2.332247146095879,nan,,,1.0366792678833008,,None,0.6425137126995599,-6.557017538694359,0.8804507613351209,0.12112359702587128,-7.201029347756747,0.061767034232616425
Gaia,DR3,1443039952678141824,203.2496353549093,23.31590443977539,15.57279109954834,1.7649221420288086,3.2035685120949404,1.8276716288766195,19.112599457989678,-25.941130195869597,,,2.4295510096000172,nan,,,0.9872065186500549,,None,0.6642007175133351,-6.737002324631952,2.1834354411733523,0.03646427020430565,-7.356758059948387,0.018495772033929825
Gaia,DR3,1445435681140272128,204.96129753643933,25.972706358522153,17.91550064086914,2.602365493774414,3.6812780908831746,2.9969082189082656,60.88462788481563,-26.480293209458626,,,2.201758185152793,nan,,,0.9948340058326721,,None,0.8599758117194684,-5.549854166340741,1.0335909622869546,0.12995414435863495,-7.249686284385861,0.06992493569850922
Gaia,DR3,1443259236528067712,201.7763261254904,23.79069696855806,17.61140251159668,2.4397239685058594,2.4134156604789427,3.2480257136181336,22.708358920869532,-26.074024337955304,,,2.5014636221680004,nan,,,0.9605086445808411,,None,0.4310114161477516,-6.8169584208231155,1.680718219605787,0.11379929631948471,-6.576260671865058,0.08183746039867401
Gaia,DR3,1443052528342759808,202.91366246711743,23.058363091949307,15.355177879333496,1.4776802062988281,3.2871357932058736,2.109522843966619,57.51531338879081,-25.88847970507098,,,2.2082282258608403,nan,,,1.0502735376358032,,None,0.5528239675189894,-6.176214111436219,1.5122841501404762,0.03983275964856148,-7.368270745271978,0.01575765386223793
Gaia,DR3,1444566968170878080,204.35240648519869,23.7341286377712,17.897384643554688,,2.471443576336367,1.0836934602995145,39.5023470227167,-26.01039957626856,,,2.7882598375387935,nan,,,1.1409999132156372,,None,0.9729024363105845,-7.62682218065149,-0.33243776288891835,0.3310573697090149,-8.26433107942013,0.10162985324859619
Gaia,DR3,1442335745544317568,201.25015357334772,21.38964773985896,18.75095558166504,2.943777084350586,3.6402164180276086,3.993193375785782,59.087822510564415,-25.516170899628133,,,2.9041883556789574,nan,,,1.0146147012710571,,None,0.3954722964659201,-8.575220770182561,-1.5778278497940104,0.20531009137630463,-7.5393636886951825,0.15471385419368744
Gaia,DR3,1443295898368927872,202.41081349629084,23.88529636180058,13.502151489257812,0.9684362411499023,4.7169789624162375,2.7168686490395157,26.34041397160503,-26.086002662923878,-14.460803985595703,2.4831035137176514,2.6409997170465975,nan,,,0.9423638582229614,,Gaia_DR3,0.5700659333630282,-7.17552504077107,1.4633105895783736,0.01906171254813671,-4.705928474931823,0.012065387330949306
Gaia,DR3,1444335280454462464,205.78573076026166,24.69992994406703,10.72839641571045,0.6555881500244141,3.164651674362392,1.7964674964107696,14.483637789132278,-26.18239319825781,,,2.4710594514207336,nan,,,1.0157421827316284,,None,1.1043634836811198,-6.539956885469569,2.65249986525164,0.017101822420954704,-5.973415185855464,0.010832065716385841
Gaia,DR3,1445754921764604288,199.41494497234646,22.813663234464904,14.991717338562012,1.4076976776123047,3.9269299417692722,5.335507959475664,43.22430325074724,-25.866374478265435,-14.030232429504395,4.811939716339111,2.391292495372319,nan,,,1.012256383895874,,Gaia_DR3,0.024116249786302557,-6.736565866153159,0.19438962237779245,0.03815707191824913,-4.764303703054502,0.018364451825618744
Gaia,DR3,1441153976702828288,202.5159799762653,19.6125126378755,19.82538414001465,2.5263023376464844,0.6340470395728535,4.199716622266901,29.34587851759043,-25.05209656303525,,,2.5463555575998282,nan,,,0.9895908236503601,,None,0.5680107281341158,-7.9434716948741215,0.4766566409041454,0.5139467120170593,-7.615606180030053,0.19737805426120758
Gaia,DR3,1447105701863699456,197.9754167296052,24.575499578533236,17.65363311767578,2.347858428955078,1.7005269136395635,6.802924459332382,53.13859148748336,-26.260465351234295,,,2.3847561241445763,nan,,,0.9903110265731812,,None,-0.2118415843545054,-6.31589048320085,0.460085238518137,0.15136349201202393,-6.844454619904972,0.1318187564611435
Gaia,DR3,1447167961709413504,197.23352741552534,24.899723948660142,17.65805435180664,2.4453697204589844,2.7106846408976724,7.531196296928337,57.269918214438476,-26.3247252697556,,,2.7006080624436724,nan,,,2.824122428894043,,None,-0.37752395682037587,-7.069317750049032,-0.6192756449996357,0.47240427136421204,-8.59349890097279,0.41511696577072144
Gaia,DR3,1446400227715135104,201.99282928392182,24.47111275453071,19.75384521484375,2.3327064514160156,3.7464604242293205,3.294571302654081,37.24850214883754,-26.222667476530653,,,2.7216807897258004,nan,,,1.0320932865142822,,None,0.5094067376774323,-7.239561466704596,-0.7433708369082463,0.5166956782341003,-8.986317920841302,0.3413029909133911
Gaia,DR3,1446234991733578240,201.21727616328585,23.706111666556293,19.127817153930664,2.5501651763916016,4.854377724060376,3.7310455162158673,48.190530911251045,-26.061408598619984,,,2.8090254342709,nan,,,0.9649033546447754,,None,0.3761708867838567,-7.676236049190858,-2.109205289377191,0.2780613303184509,-6.231815979287803,0.20798613131046295
Gaia,DR3,1444811570852770944,203.20872932937533,24.040030488494477,18.537477493286133,2.686605453491211,4.118440306681217,2.112733159036571,40.19369592959681,-26.10602682993239,,,2.779316021995079,nan,,,1.0164427757263184,,None,0.7520267780033993,-7.513830668887725,2.8867475306967663,0.19480426609516144,-8.638847180203602,0.0962996780872345
Gaia,DR3,1446967163398647168,199.55316124007265,24.570790025758637,18.88662338256836,2.4869232177734375,2.3566791299067162,5.408883235005599,40.19430114735137,-26.2635440335856,,,2.437383653715754,nan,,,1.0503169298171997,,None,0.04773166178369692,-6.455414934460715,1.2551853092750742,0.30050399899482727,-6.363848957526887,0.18334712088108063
Gaia,DR3,1448210470531008000,201.68855681627727,25.64408755251224,19.52581787109375,2.654447555541992,1.9143448114991573,4.163874847359711,29.195883763104916,-26.479309496190485,,,2.4946918786041707,nan,,,0.9897018671035767,,None,0.41481182310120146,-6.3508830852505085,0.4525996169418598,0.43733176589012146,-7.3569393194162505,0.2935464382171631
Gaia,DR3,1444213230368368128,207.4086953670932,24.665680467401085,18.48920440673828,2.6761817932128906,4.891206322398652,2.6256415806467173,18.592220454788837,-26.11359947507665,,,2.5424112892065494,nan,,,1.0772695541381836,,None,1.4174806457678402,-6.752285847497699,1.5189108058232845,0.18397946655750275,-4.132729276251122,0.14252221584320068
Gaia,DR3,1448210474826699264,201.68846784184242,25.647140792421283,16.584983825683594,2.0180044174194336,1.0809936685730335,4.165857925842691,33.68763244468166,-26.479953659710187,,,2.416635044810443,nan,,,1.0633496046066284,,None,0.4018179433292144,-6.151449616760552,0.2597654326894643,0.07225824892520905,-6.6835268395282394,0.048783641308546066
Gaia,DR3,1446958646478832512,199.3144419687531,24.380627763638106,13.467779159545898,1.0748920440673828,2.8759327100428096,5.571186948370169,57.339925519059456,-26.221934201781252,-23.814828872680664,1.3205153942108154,2.8311793813282016,nan,,,1.0112347602844238,,Gaia_DR3,0.00899887308343894,-7.550346424287957,-0.38676824714045444,0.018355021253228188,-9.220572129105912,0.009843817912042141
Gaia,DR3,1260304178157515904,211.6417821199301,27.935698872510137,20.00518035888672,2.645315170288086,1.9595041713822179,7.63285840046389,60.42328992895475,-26.57234956507578,,,2.362058633780408,nan,,,0.9906648993492126,,None,1.992908920778809,-5.5781748676777925,2.9398231623579183,0.5177922248840332,-5.342811428951351,0.3537740707397461
Gaia,DR3,1449638568632983808,202.89044294709578,27.85366415626855,17.147451400756836,2.405569076538086,3.671402574345177,5.2987759023144765,45.34202789152621,-26.90665963014617,,,2.708674980051824,nan,,,1.0231366157531738,,None,0.6737960758273063,-6.312675685774218,1.2572664532264093,0.1002965047955513,-4.299077423020611,0.040820032358169556
Gaia,DR3,1445818070668137728,200.3082700514536,23.04666012754516,10.874324798583984,0.8463296890258789,3.860330426305756,4.506554009692506,33.13898553664497,-25.91769391125958,-19.91867446899414,0.3774316608905792,2.5961105513858556,nan,,,11.791648864746094,,Gaia_DR3,0.18554468172236538,-7.256543840619404,-1.913819150156923,0.20990201830863953,-7.493601191598988,0.15726283192634583
Gaia,DR3,1446701803139170688,201.29189288340342,25.401018208652776,19.83562660217285,2.5564136505126953,2.1559944966099684,4.309838618296205,30.240144100090188,-26.432399914335402,,,2.553172252720196,nan,,,1.082450270652771,,None,0.354992185784605,-6.559046288582864,1.4315417702111857,0.5747156143188477,-6.992220097604562,0.36304259300231934
Gaia,DR3,1445874596733268224,199.98249136136116,23.22814049519496,12.983033180236816,0.8801383972167969,4.950249866799817,4.8088766276128965,50.32662735320148,-25.961026486191003,12.601151466369629,1.622237205505371,2.3051420216062732,nan,,,0.9751812219619751,,Gaia_DR3,0.11314894325845604,-6.402977461010403,1.5265651923429862,0.019412999972701073,-4.45644942987,0.01117410883307457
Gaia,DR3,1448734044224709248,204.76946078563458,27.769423731886096,18.155704498291016,2.431119918823242,3.012623435681034,4.801542016216367,39.69913633487564,-26.847312143539245,,,2.6706012854156667,nan,,,0.9921644330024719,,None,1.0080607100658967,-6.259001266792344,-0.13654703014063418,0.1401733011007309,-5.007384056670801,0.08104759454727173
Gaia,DR3,1447841172063162112,199.42468982144942,26.488983756191114,17.87899398803711,2.7048797607421875,3.0382566927556027,6.310480639652979,48.49979131187775,-26.66922384323894,,,2.4030144081093927,nan,,,1.157761573791504,,None,0.02584367294065204,-5.91515249747018,-0.441761656440282,0.20731967687606812,-4.44878556743622,0.1040739119052887
Gaia,DR3,1448594788500645760,203.6729680054044,26.866011672505156,14.74405574798584,1.400191307067871,3.4197454509125436,4.122812108152704,48.155172822581775,-26.696314703487214,-30.47951889038086,4.047286510467529,2.2976464286733087,nan,,,1.89411199092865,,Gaia_DR3,0.6948026533627174,-5.582661990447725,1.8523105400517867,0.04785818234086037,-6.767514380249775,0.02316662110388279
Gaia,DR3,1447464765425284992,199.79386370008186,25.636745710054925,18.637866973876953,2.4769115447998047,4.38881585011802,5.598127381361844,39.11269392294737,-26.49206674701735,,,2.5609378928247795,nan,,,1.042065978050232,,None,0.09251070436236852,-6.517653979321204,-0.7611949288131451,0.24147775769233704,-8.727908649910361,0.13898462057113647
Gaia,DR3,1449754253576023040,203.3448242730506,28.413249896320252,17.876008987426758,2.2667102813720703,3.5975412607388044,5.681639472291927,46.93389201336222,-27.004534501552786,,,2.702930498678555,nan,,,0.9916970133781433,,None,0.7565754920819714,-6.151849618948975,1.9707754460303186,0.12429343163967133,-4.500245900052352,0.062105052173137665
Gaia,DR3,1450150283920763136,202.49256718654152,29.666979771468945,19.61162567138672,2.720579147338867,3.3798437652739812,7.110430027212853,49.33150758660077,-27.249498527046374,,,2.5125793951209037,nan,,,0.9524120092391968,,None,0.5564402433415698,-5.399434396832673,0.5674154074369367,0.4288371801376343,-3.6092425859648216,0.1983119547367096
Gaia,DR3,1442137524213936256,203.89940086350262,22.083979462506782,19.60128402709961,2.6244659423828125,2.3488158130700536,1.5042132769508123,46.25404204822033,-25.637794422289772,,,2.8384945978484923,nan,,,1.0570127964019775,,None,0.9023847254090485,-8.206689365452732,1.876963262047656,0.38475164771080017,-7.193968221577095,0.20533128082752228
Gaia,DR3,1448295373444838528,201.83891425247998,26.055586219308577,18.601238250732422,2.8294143676757812,4.499602591033081,4.336589690568991,43.65017641846972,-26.56338299168038,,,2.741926488267816,nan,,,0.9680930376052856,,None,0.48422562307254635,-6.8706469465755715,-1.943380217281791,0.21330061554908752,-7.804101026679637,0.14578630030155182
Gaia,DR3,1451451113551203968,207.20253814093954,27.024285631114356,15.164359092712402,1.4679031372070312,3.7659783529311994,4.427341900807917,50.61867616833191,-26.61796870710852,,,2.290584336083676,nan,,,0.9505660533905029,,None,1.2449464403825374,-5.55697368721236,1.4221326245577632,0.03423598036170006,-7.366829875455142,0.022383544594049454
Gaia,DR3,1444392798656644736,206.7996801923558,24.81888276140975,18.2730712890625,2.469623565673828,3.1196281874729554,2.343919388128598,53.5181084333235,-26.1717208141458,,,2.2313718111122505,nan,,,0.9902690649032593,,None,1.1515519437692352,-5.8879764478367855,2.541483695762641,0.147087961435318,-6.358642715916462,0.108313649892807
Gaia,DR3,1445122702578684928,205.3536813601591,25.139714197419522,12.1980619430542,0.8049287796020508,4.231908743947547,2.160054902792208,58.06762964650465,-26.29190684590024,-18.573081970214844,0.7830227613449097,2.93157038450592,nan,,,1.0183966159820557,,Gaia_DR3,1.2236612984451656,-7.630187554140048,3.1166980534304383,0.016149409115314484,-5.825635537855177,0.009531798772513866
Gaia,DR3,1451363113965948032,206.3125977912199,26.50169273411349,17.264713287353516,2.503507614135742,1.26146084446738,3.6588201118460013,26.04367313014657,-26.545784713775532,,,2.4839241937651004,nan,,,2.512392282485962,,None,1.1994170409214182,-6.144143276598383,1.1328648167401645,0.21197693049907684,-6.8013285854084495,0.12171110510826111
Gaia,DR3,1450405752870111232,208.8001124610103,25.995560166935952,19.710886001586914,2.7692413330078125,3.8489136710083263,4.446684830899885,43.13680665726272,-26.336181815758927,,,2.344751881158282,nan,,,1.0336015224456787,,None,1.528812781215446,-5.940974194281255,1.446631152971509,0.4594700038433075,-7.841705860933134,0.3297155797481537
Gaia,DR3,1450783843136953216,209.89868419875717,26.664127966562834,19.35133171081543,2.701261520385742,4.742056083219382,5.628883440461413,49.57054521708518,-26.418558542949775,,,2.3463484719722962,nan,,,1.0145357847213745,,None,1.704250692282449,-5.806426282819758,1.3286125842562337,0.33334800601005554,-3.4911189467062345,0.2389625608921051
Gaia,DR3,1451321542977753088,207.00427193601183,26.356555279408646,15.16521167755127,1.725235939025879,1.0259891917176307,3.7481229783787846,59.69519434661954,-26.490026904399713,-31.663957595825195,8.024391174316406,2.9162610240806965,nan,,,3.0768330097198486,,Gaia_DR3,1.5456429394916373,-7.262815349972608,1.328387293761627,0.08570604026317596,-7.854973658154886,0.05713595822453499
Gaia,DR3,1451744442638037376,207.06494780389443,27.755398794538888,17.500757217407227,2.1857528686523438,1.6095607462005965,5.058672941793347,37.30396107997695,-26.767974923103008,,,2.4466569817221067,nan,,,1.011126160621643,,None,1.3068569244095436,-5.758351572744554,1.9017818859616198,0.11364336311817169,-5.179333839542286,0.07089637964963913
Gaia,DR3,1451750932332524544,207.0590685082545,27.90724375802587,19.50080108642578,2.7279911041259766,2.750858173383271,5.200070630887653,62.15640847036251,-26.79767856738024,,,2.23957747586381,nan,,,1.041103482246399,,None,1.1953510291462723,-5.237386935279365,-0.013954758824942237,0.3729599118232727,-5.711023267229656,0.279540091753006
Gaia,DR3,1444329228844872064,205.83589430922623,24.58419624221231,18.67688751220703,2.599924087524414,2.2253021299328934,1.7013826018767308,58.42802291801198,-26.155304049496735,,,2.940318730559436,nan,,,1.0128129720687866,,None,1.3241543272540446,-7.815176198304103,1.3606270199909252,0.1917070597410202,-9.194044618959923,0.13311165571212769
Gaia,DR3,1451136137829346176,208.89833040117188,27.68998681800472,13.624191284179688,1.0791397094726562,3.7460031637032216,5.76906668268985,62.2090742676936,-26.675106431658037,-15.07767391204834,1.9663444757461548,2.8751835926135465,nan,,,1.0073655843734741,,Gaia_DR3,1.8937974873717982,-6.810944601461502,0.27871915390694135,0.015818625688552856,-5.215082491138639,0.01201463583856821
Gaia,DR3,1450787897585995008,209.98307297451544,26.83830673633114,19.583200454711914,2.725452423095703,3.1296922703544814,5.798891779236478,66.38775882615846,-26.449555955772208,,,2.230522038331535,nan,,,1.0384657382965088,,None,1.632832563710787,-5.483061642707989,2.0499227074576853,0.3940388858318329,-6.894351465305454,0.30476462841033936
Gaia,DR3,1451283158854043648,209.51297785929526,28.512872164258972,13.356768608093262,0.9356880187988281,1.0407293050662827,6.7534129290670935,47.922351815862804,-26.803266469158963,-23.582683563232422,1.8641520738601685,2.6029457924410973,nan,,,1.0584303140640259,,Gaia_DR3,1.8227769708597081,-5.964114578469171,1.3014907695946667,0.015621392987668514,-6.197328975943115,0.012195908464491367
Gaia,DR3,1451867347421699712,207.9836298244998,27.571108272715833,15.105648040771484,1.3721227645874023,4.584024811422029,5.229925067681901,55.597735659071425,-26.69385603943634,,,2.2830377850447228,nan,,,0.9561840891838074,,None,1.3620980784846866,-5.4242813461563095,0.11772663927484261,0.030068889260292053,-7.2460946102277175,0.022054770961403847
Gaia,DR3,1452600515519852544,212.07544813569334,28.620399281350107,17.510669708251953,2.4660816192626953,4.8847694779600825,8.365155527469831,62.81787889502925,-26.677200092373923,,,2.711977610355193,nan,,,0.9573451280593872,,None,2.367018693530305,-6.230854457195859,5.15844704426671,0.0930495411157608,-6.3145226040218105,0.07932744920253754
Gaia,DR3,1452258120725212928,207.10445282123897,28.95490800120373,19.50713348388672,2.445507049560547,4.5418021582448596,6.210131725302996,45.28504114829451,-26.99413614811922,,,2.624944589242708,nan,,,1.025402545928955,,None,1.4091473653335695,-5.866790448280325,1.2515283701309738,0.37775805592536926,-8.375116042630436,0.24810145795345306
Gaia,DR3,1445973965096654464,199.36462840554847,23.111864518016834,18.927196502685547,2.643709182739258,3.647614434597407,5.3747194787423,48.88860871258761,-25.93556052981337,,,2.3395482168726947,nan,,,1.0474920272827148,,None,0.015504863299198757,-6.524259632998143,-1.7807127591964957,0.25530484318733215,-6.424163610446897,0.15954039990901947
Gaia,DR3,1449845551697334784,203.31117648744373,28.81082201355832,20.024934768676758,2.249727249145508,3.810616685554376,6.070273574580035,42.387842023341456,-27.079429916140036,,,2.4954491003907706,nan,,,0.9807376861572266,,None,0.6927438382113168,-5.580649742778669,0.8656462994777623,0.6250282526016235,-7.577814197992578,0.3023771047592163
Gaia,DR3,1449867507569735680,203.03746213244176,29.06336679376655,20.15480613708496,2.2156238555908203,4.459746649444797,6.383130884041369,65.1784725179576,-27.131203635023,,,2.257627681079731,nan,,,0.9887728095054626,,None,0.5843575374999618,-4.990504055059181,2.265513895425954,0.5499811768531799,-6.286207143569116,0.2768237888813019
Gaia,DR3,1451743102607890048,207.15021395998127,27.706605420073252,11.349947929382324,0.6473369598388672,4.654634109644499,5.039142164795748,37.18492577990954,-26.755109640449398,-5.120765686035156,0.7645214200019836,2.6098209062667173,nan,,,0.9310452938079834,,Gaia_DR3,1.4091585372992603,-6.155885028618602,3.9427480491342695,0.02169407717883587,-5.783084504963186,0.013773774728178978
Gaia,DR3,1451446917367155200,207.2763853548625,26.942909899671083,19.85286521911621,2.4052677154541016,1.8699115086715365,4.381728222954494,31.499417580025007,-26.59863411540638,,,2.5774893228049143,nan,,,1.0290584564208984,,None,1.4138348099301203,-6.274378017124629,0.844202922844721,0.4774426221847534,-7.115715844981559,0.33159932494163513
Gaia,DR3,1454784592294081024,205.53759904456894,28.38958738337868,16.9761962890625,0.7948436737060547,2.410519696301134,5.413945948263707,37.50462901865033,-26.943419239547637,,,2.5258603805316895,nan,,,3.9135637283325195,,None,1.086053084367804,-5.771097076279522,0.46917310530398826,0.32497796416282654,-4.645508947022938,0.19528160989284515
Gaia,DR3,1454784489210840320,205.51352329015074,28.377950797029612,18.47773551940918,0.9896602630615234,4.566415257933032,5.401166730365694,37.498072343116846,-26.941971055782197,,,2.5112137656425215,nan,,,2.3498036861419678,,None,1.0756254235631668,-5.740315872957318,-0.992335383389193,0.5081329941749573,-4.488352869446139,0.4534150958061218
Gaia,DR3,1455108600325861376,205.0370040959909,28.992151511451734,19.51651382446289,2.612516403198242,4.149096207122397,6.010062518193515,42.23904519019177,-27.070791589061578,,,2.5766279491743114,nan,,,0.9693207144737244,,None,1.0197326855542947,-5.728248127188345,-0.4111085526016447,0.3420822024345398,-7.469473820955382,0.2041095346212387
Gaia,DR3,1451462624063621120,207.76768117469805,27.049562151093074,19.922569274902344,2.4462203979492188,2.6711664771546313,4.681976022708582,65.65887231849457,-26.5996056399717,,,2.206269724847686,nan,,,1.017679214477539,,None,1.2839248298011037,-5.352529119957646,2.3535360966377477,0.44416022300720215,-5.984521479447466,0.3554564118385315
Gaia,DR3,1452865905842600960,210.83070943403115,29.19927305038695,19.210847854614258,2.7304935455322266,4.105574993039099,8.007240606032475,63.9110581005802,-26.860583918113534,,,2.3499567003837876,nan,,,0.9636932611465454,,None,1.8545674271070194,-5.244518922852358,1.7271830777890291,0.26328590512275696,-3.214632747186874,0.2168910652399063
Gaia,DR3,1454239676902182528,210.87734030469352,31.29517938066424,20.032068252563477,2.2401962280273438,3.625437656532803,9.719995044823964,67.28103360631758,-27.2269261048836,,,2.5839076003564014,nan,,,0.9717060327529907,,None,2.0473109807636414,-5.2281896541274415,2.6704993546208713,0.5486871004104614,-7.102108556992696,0.400563508272171
Gaia,DR3,1454781259393821952,205.55292356959245,28.335441212435157,19.283798217773438,0.3681831359863281,4.746413103410364,5.360678903315787,48.75252263764258,-26.932691126539822,,,2.745946870978438,nan,,,1.2310116291046143,,None,1.183558864119195,-6.2888481369210565,-0.24486816441294523,0.5730335712432861,-3.9417767003857067,0.2665942311286926
Gaia,DR3,1456135960798705280,203.63109801703166,30.227371019165705,16.192150115966797,1.9480628967285156,3.7952595349777685,7.378404970059601,52.590642285673674,-27.326627544163454,,,2.45788877680374,nan,,,1.0257078409194946,,None,0.736208158673983,-5.149874020306213,2.7020641279125517,0.051646456122398376,-5.09936154459115,0.029296159744262695
Gaia,DR3,1450788997097221760,209.85591228881205,26.79835587031426,18.05860137939453,2.377399444580078,1.9644032701432617,5.686929581783204,63.67583192614579,-26.448258395076707,,,2.24430251870253,nan,,,1.0042134523391724,,None,1.623646596186586,-5.524032512782659,2.529810810030023,0.1310931146144867,-5.7305597616706185,0.10123593360185623
Gaia,DR3,1451517938946600576,206.98977069414562,27.328780957158486,18.341686248779297,2.5351123809814453,4.738785780969996,4.6354138216266865,61.90851720942971,-26.6870974408979,,,2.913107326867141,nan,,,0.9755842685699463,,None,1.5410948472329966,-6.977526483472463,-1.3399306265849176,0.17616571485996246,-7.388191285190523,0.12161532789468765
Gaia,DR3,1454034690998215680,209.11832324961838,30.530567775781005,12.689115524291992,0.7614011764526367,2.65371383410457,8.314647137678149,59.22379164667915,-27.18839291662493,-13.731264114379883,1.3353610038757324,2.4535180286148313,nan,,,0.9121119976043701,,Gaia_DR3,1.6526162546967997,-5.123922806278511,3.0250650689062866,0.014098726212978363,-5.105648733070617,0.011131475679576397
Gaia,DR3,1456128092418579840,203.32510948194616,30.009523232842295,19.169525146484375,2.586151123046875,4.806464197671761,7.223620922887351,53.62220239924771,-27.295001994745494,,,2.4168455928875594,nan,,,1.0577857494354248,,None,0.6732315643928739,-5.114947654198966,0.05945969709097554,0.36719685792922974,-2.7442402200174696,0.17493067681789398
Gaia,DR3,1455294589589157632,207.13304811706834,29.58653172802118,19.50949478149414,2.411388397216797,2.077812731163156,6.824845996866584,66.67561176895481,-27.10818568345625,,,2.8766664829306143,nan,,,0.980688214302063,,None,1.5498789250596419,-6.248805342404965,2.171445680965366,0.3470955491065979,-7.344878660717843,0.22700415551662445
Gaia,DR3,1453587533363212416,210.0936614923564,29.3565246400655,18.063419342041016,2.4966297149658203,0.908745417773367,7.734892102260957,53.919044258181366,-26.93014477554996,,,2.4962708395766615,nan,,,1.1157209873199463,,None,1.846007999959695,-5.520181536312982,1.7428574133917616,0.16896747052669525,-5.987141602401628,0.13444727659225464
Gaia,DR3,1454784420495352704,205.555752498166,28.389388093960807,17.882108688354492,0.8306732177734375,4.070927642895312,5.414678031176127,49.51849615046139,-26.94281261077042,,,2.3361594020736476,nan,,,2.367663621902466,,None,1.0073835702058247,-5.337865156062283,0.5336077758022687,0.7220460176467896,-3.3897743626237005,0.21104592084884644
Gaia,DR3,1455697805414785152,207.0966783174298,30.71590733184011,11.340974807739258,0.6246204376220703,1.7510926311231532,7.91363918010338,59.723538873697656,-27.30727305424835,-21.326231002807617,0.4975651800632477,2.7041597924795866,nan,,,1.0127393007278442,,Gaia_DR3,1.450241160102108,-5.567678481535263,2.4447093538654334,0.02063470147550106,-5.65431604215842,0.013742702081799507
Gaia,DR3,1453664189938780160,209.44290310219236,29.706399442907152,15.477119445800781,1.7291431427001953,3.9519631191950215,7.719358017497584,53.477133632897036,-27.027211663675494,,,2.519486862443857,nan,,,1.1751644611358643,,None,1.752392261288659,-5.473840696798979,3.2696676292040627,0.05550429970026016,-4.023408143545832,0.043126776814460754
Gaia,DR3,1454781328116105600,205.59098510203137,28.35988312666788,18.48297119140625,0.7082977294921875,2.6802186865327484,5.3871847603502765,39.223919016509505,-26.936122063321076,,,2.6064176127382543,nan,,,2.5256175994873047,,None,1.1301949995210097,-5.963332093312092,1.3686850030955893,0.4793628752231598,-4.510101053104472,0.2654030919075012
Gaia,DR3,1454874924039709824,205.62820319501253,28.35672551020219,20.073137283325195,0.9174880981445312,3.814253163122574,5.386306556998212,51.345418883112195,-26.934345821480388,,,2.320108636796789,nan,,,1.0555216073989868,,None,1.0119433304376764,-5.309311616865492,-0.85350088751177,0.7511032223701477,-5.330066069723546,0.42973554134368896
Gaia,DR3,1456735121620103936,204.2117567569105,31.573870320674587,17.200986862182617,2.4100446701049805,3.883162979663018,8.63493076511081,60.24782737743163,-27.53940723280922,,,2.5991744801348893,nan,,,2.2129857540130615,,None,0.8818992368244686,-5.096721759190731,1.662573897680677,0.09472835063934326,-7.076038658294138,0.08212270587682724
Gaia,DR3,1449592694086075776,201.05378135346314,28.477615693257654,18.976272583007812,2.8449535369873047,0.8745267515725219,6.643859238833222,49.36326761119985,-27.050182394083947,,,2.422688847812791,nan,,,1.0271955728530884,,None,0.2972293337166384,-5.489214782909802,0.5783686744268073,0.3867555558681488,-5.836276784491471,0.22711630165576935
Gaia,DR3,1456298478065522560,203.71243259441434,30.804839730767647,18.017864227294922,2.844766616821289,3.8282131734842157,7.93293418102708,64.95643238240541,-27.423596915771814,,,2.786186171402992,nan,,,1.0032553672790527,,None,0.8500694922899941,-5.676180099205041,1.7200800961658333,0.09784656763076782,-7.749569196770919,0.08003804087638855
Gaia,DR3,1451353153937044480,207.06732089937847,26.784067028960983,19.395641326904297,2.4845714569091797,4.303666283938515,4.158752408891862,42.153086015264414,-26.574900320367504,,,2.3407851979847942,nan,,,1.0734113454818726,,None,1.2506847909254715,-5.73247574263911,1.9974347188634702,0.3476603031158447,-7.72054786232938,0.23456087708473206
Gaia,DR3,1454878463092916352,205.55515100195944,28.401037720757007,18.502779006958008,0.8482913970947266,4.266914043051769,5.42627526003252,37.74731860689345,-26.945033227091624,,,2.5492836300112103,nan,,,2.0934574604034424,,None,1.0991808832813676,-5.821878797675705,-1.1507869207888555,0.5392598509788513,-6.264554003487168,0.2532971203327179
Gaia,DR3,1453664189939447808,209.44328261039925,29.706525170307383,15.458967208862305,1.6522388458251953,2.9046103381888195,7.719633403274809,53.69712489962026,-27.027215294185762,,,2.5025586986830946,nan,,,1.3399238586425781,,None,1.7406823640522127,-5.437036948786819,2.4190650973383114,0.05293119326233864,-4.063009027951172,0.0403432622551918
Gaia,DR3,1455192373662435456,205.28830485416697,29.438274118858875,19.34758758544922,2.7121353149414062,4.686221324164086,6.45474492351689,49.44655833894533,-27.144706852707916,,,2.6751584120034964,nan,,,1.0086338520050049,,None,1.1046812778763009,-5.830500572519584,-1.357138257081298,0.3877066671848297,-6.791653129658391,0.20898979902267456
Gaia,DR3,1455609702750142720,205.49941445423082,30.166303577631865,19.085067749023438,2.5244083404541016,2.8188907446193094,7.187171448820683,55.243766150879644,-27.26744893635071,,,2.3898848831239543,nan,,,1.048633098602295,,None,1.0213533488360853,-5.036304075075259,1.6281844210230094,0.27668941020965576,-6.320319832645119,0.18621352314949036
Gaia,DR3,1456548724335755136,206.21650712557607,31.39890408965351,17.92887306213379,2.589651107788086,1.7680279098487623,8.462807494683757,66.54197692435181,-27.45315024849383,,,2.7665828375351196,nan,,,0.9710401296615601,,None,1.3177723031876623,-5.49461696027701,0.29488264338331116,0.11942227184772491,-5.624917071084758,0.08511530607938766
Gaia,DR3,1457502718175287680,209.31988466377166,31.791069104709624,18.651472091674805,2.866321563720703,3.541679421114744,9.532575594144841,67.1306760751915,-27.38995054488901,,,2.6395415753351292,nan,,,1.1711063385009766,,None,1.8139270967062266,-5.181383993624118,-0.0043671144022459085,0.21477028727531433,-5.941395515164361,0.16573770344257355
Gaia,DR3,1450341637599011456,209.19447544131108,25.7970127617103,12.591940879821777,0.8600950241088867,4.691145859175762,4.5950271816322035,62.65972950528984,-26.274855271287805,20.881628036499023,0.7643468379974365,2.2213090976408503,nan,,,0.9594481587409973,,Gaia_DR3,1.507659065309793,-5.675360785333556,-0.4792293830568247,0.013311644084751606,-6.612352704430365,0.01153638307005167
Gaia,DR3,1450860671511603584,209.52560316462527,27.1430454226901,19.727659225463867,2.4310245513916016,3.2965313143392865,5.710330750819139,69.03184147989943,-26.535295910189348,,,2.2118797019657417,nan,,,1.1051933765411377,,None,1.5508117116385942,-5.365745799975776,2.181158003017229,0.48979201912879944,-3.9638093315433265,0.36605411767959595
Gaia,DR3,1455972786400931968,204.96368626579925,29.936967538422984,19.76081085205078,2.440929412841797,4.74606091158441,6.956328744808015,55.25132679848446,-27.242956972366372,,,2.371445270506088,nan,,,1.1078054904937744,,None,0.926640562172812,-5.047477966173078,3.2527044440899537,0.4899446964263916,-4.579503947969923,0.27315396070480347
Gaia,DR3,1457229768709629056,207.45285832715126,31.289608296412307,13.595474243164062,1.1456079483032227,4.412127153542859,8.542544897708682,59.905059099913515,-27.389821260372496,-8.388526916503906,2.3520700931549072,2.4801728921437722,nan,,,1.296136498451233,,Gaia_DR3,1.3902313747030322,-4.967588239517448,-0.6595701324926393,0.020479025319218636,-3.9093264707956092,0.013743949122726917
Gaia,DR3,1451681461237224576,206.23573766821096,27.520497702693458,17.204069137573242,2.3290958404541016,2.1098536703110566,4.631365973605709,33.85227692339036,-26.7527888764957,,,2.4572266335622035,nan,,,0.9634705185890198,,None,1.1736438334387902,-5.831751769058015,0.13785056638540605,0.08898165076971054,-5.4830268060920195,0.05364872142672539
Gaia,DR3,1454784283056242560,205.534226279543,28.358195078038698,18.40316390991211,0.6780567169189453,3.955655827699734,5.382435962535286,47.4532288633895,-26.937586432232546,,,2.352403579442171,nan,,,1.6307381391525269,,None,1.0109292814467823,-5.3820787300598925,0.019967306866999435,0.3574560880661011,-3.689132444748403,0.1923254430294037
Gaia,DR3,1460953505356175360,196.48836065120085,28.068891287195882,17.346630096435547,2.4923667907714844,3.7976008845162124,9.360911330575357,64.70449255015113,-26.961491786501284,,,2.533214742167754,nan,,,0.9863688945770264,,None,-0.48372845995372615,-5.845852590217632,0.5841383017091083,0.08071288466453552,-4.121748967369452,0.10841894149780273
Gaia,DR3,1456725127233823872,204.15622825627463,31.426185680841257,15.727160453796387,1.8843259811401367,4.685158548668374,8.493356955455468,59.19470443799694,-27.516678334556683,,,2.59358647222021,nan,,,1.0055910348892212,,None,0.8701427419714348,-5.124142186300889,3.387900593350268,0.025152919813990593,-4.652081162955042,0.022830698639154434
Gaia,DR3,1459390961893089408,197.29102951116292,25.91513808203916,16.981164932250977,2.073634147644043,3.817020991770044,7.775101850608264,53.77854729846041,-26.54108613636683,,,2.535417328232553,nan,,,1.083614706993103,,None,-0.3444189320930102,-6.386195383460915,0.14078677091467418,0.10223767161369324,-4.404567516975478,0.0856807604432106
Gaia,DR3,1451662559085402240,205.45517508633512,27.378623539029963,18.211193084716797,2.6489925384521484,4.38624819807892,4.400510072163503,55.42303155021649,-26.750711750889035,,,2.8567360441157734,nan,,,0.9885066747665405,,None,1.2122353559329864,-6.811738335945892,0.5794995611025029,0.17101414501667023,-9.376362389563402,0.09727970510721207
Gaia,DR3,1456609953389534592,206.24035161042212,31.714456434172174,19.19301414489746,,2.2222060863210835,8.778683185455481,62.92658481349221,-27.503784715065017,,,2.4416530891743315,nan,,,0.9914801120758057,,None,1.1669739020037089,-4.771590679962578,2.308745222059728,0.7894513010978699,-4.8401033025935725,0.3954390585422516
Gaia,DR3,1459390961893089280,197.29159652700062,25.91388292274078,16.40949821472168,1.8996429443359375,2.4511337455253055,7.774185215926514,59.4240178840808,-26.540830289729865,,,2.3858119899142,nan,,,1.0983611345291138,,None,-0.32400317181640803,-6.009661491486554,-0.006184447930784653,0.07642596960067749,-4.818527386254141,0.06518295407295227
Gaia,DR3,1453992664743294848,209.58944549310442,30.595897489018185,20.123035430908203,2.281034469604492,2.280160309183799,8.557045522001749,69.92250386416563,-27.176528617070048,,,2.3235866492283614,nan,,,0.9829022288322449,,None,1.6391628046579956,-4.844081096067872,2.213316314235361,0.5847269296646118,-3.886051523354693,0.42936259508132935
Gaia,DR3,1459663915655275648,196.48259122110662,26.426851407319585,12.73111343383789,0.9500322341918945,2.129402529524363,8.636081389801875,62.3243157077485,-26.636866464146358,-19.176101684570312,0.9968826770782471,2.6662778766189117,nan,,,9.057245254516602,,Gaia_DR3,-0.5101933127107133,-6.5849558501881935,-1.5009869587895077,0.25150424242019653,-5.913483410488928,0.2558037042617798
Gaia,DR3,1460231401093960320,198.1784163848499,27.877966514021825,17.878969192504883,2.5209712982177734,2.601157408745898,8.010076736791184,65.50337453995728,-26.94131914787107,,,2.3332551737687415,nan,,,0.9676264524459839,,None,-0.17472458316015393,-5.424322354519814,0.8967140555488186,0.10880652070045471,-6.12359904257619,0.07373403012752533
Gaia,DR3,1463441940687742464,199.21138826911474,31.30225382764421,17.322620391845703,2.618213653564453,1.5503500455853667,9.876192296894335,68.24634603627473,-27.554349155028103,,,2.533931772347753,nan,,,0.997395932674408,,None,-0.009890801935032112,-5.019236095957655,-0.632118764912153,0.06840509921312332,-5.565758600677683,0.06751950085163116
Gaia,DR3,1455894785499372672,203.94974842647815,29.39560092237387,20.040542602539062,0.07177925109863281,3.8611569268926806,6.509539991073725,59.31852652660573,-27.172431874095082,,,2.3067558424221257,nan,,,0.9919114112854004,,None,0.741294608535525,-5.027692415907009,2.3825906515283783,0.5509288311004639,-5.939639673697454,0.29379087686538696
Gaia,DR3,1468439564634347136,203.11964116532766,31.666759145357236,16.910829544067383,2.1491918563842773,2.531266879802862,8.877447238604372,61.802576083912115,-27.577658501536828,,,2.595991065328557,nan,,,1.038710594177246,,None,0.6865665010490136,-5.058180469745399,1.9884007019168628,0.04577198997139931,-4.58470069692756,0.04166991263628006
Gaia,DR3,1462480795726422912,200.79546403752488,30.58466006565296,17.39202117919922,2.3907527923583984,2.4891336210936967,8.556844451515712,59.4577483802899,-27.428887358044435,,,2.5051740803489597,nan,,,1.0116183757781982,,None,0.26289706620093667,-5.146032972331216,-1.0279696161902574,0.06673737615346909,-4.897623123383976,0.06308498978614807
Gaia,DR3,1462111802200079232,200.94636043433974,29.76869860710163,19.19614601135254,2.6709251403808594,1.3429697469333446,7.781614067341567,55.116979897399645,-27.286240622141577,,,2.464736964677252,nan,,,0.9633113145828247,,None,0.28420179470384177,-5.26590062778207,-0.39325261696101277,0.2197054922580719,-5.098646414229584,0.214665487408638
Gaia,DR3,1454781087597345536,205.58335583793652,28.34029211086713,18.033203125,0.7327289581298828,2.424426659237202,5.367195263393369,37.26473007238425,-26.932652727111726,,,2.5110003359088857,nan,,,3.385314702987671,,None,1.0875116795141029,-5.749832382195115,0.10230966812714248,0.49438226222991943,-4.927409435214251,0.263706773519516
Gaia,DR3,1455439553325450752,207.19100273444255,29.81027306134181,18.5903377532959,2.730113983154297,3.4819011599865863,7.053978431176497,54.20770604148591,-27.145940820676987,,,2.391995500260484,nan,,,1.2305935621261597,,None,1.298185985914737,-5.143180399784694,1.9154355593917174,0.23602473735809326,-6.786876871014728,0.17744557559490204
Gaia,DR3,1454784386135575936,205.54884508083722,28.37553058290553,14.929052352905273,0.9397192001342773,4.889945914999266,5.4004843834013725,47.066201472923474,-26.940408847038682,,,2.3568625677542796,nan,,,8.790345191955566,,None,1.0151990304967058,-5.388351039930893,3.351187318265105,0.32785338163375854,-4.720537652387755,0.17932210862636566
Gaia,DR3,1454878497453001728,205.5586839669876,28.414883606856502,18.768705368041992,0.5628623962402344,4.96830424741576,5.440282272642741,51.523562402214104,-26.947537720478238,,,2.3210357317801256,nan,,,2.0598244667053223,,None,1.0013267975892495,-5.297463009278186,3.063387472421188,0.5315927863121033,-4.009997403941486,0.2779003381729126
Gaia,DR3,1456772298857732352,204.6618410793827,31.997928893973345,19.26470184326172,2.9844722747802734,4.583999959180516,9.026749092003573,62.390398528889435,-27.596249201163147,,,2.5587267440150585,nan,,,0.9834680557250977,,None,0.9469940232369896,-4.911032104211308,0.48662665096363633,0.18718652427196503,-7.340431281713804,0.17509889602661133
Gaia,DR3,3740430809850051072,206.54866372886437,13.253450241444176,13.746830940246582,1.0421876907348633,2.8490017313331366,9.813778755589647,67.88769664673957,-23.142749942771246,14.231746673583984,2.8944339752197266,2.5254480330417994,nan,,,0.9322687387466431,,Gaia_DR3,1.2601168625598436,-9.32271675719673,1.9403833117597247,0.016343072056770325,-10.678392857739544,0.01375015452504158
Gaia,DR3,3728953072392083200,208.06305656072047,14.072045256353588,19.493608474731445,2.5157108306884766,2.6687882708296615,9.313943392499485,67.95530228635184,-23.323489706839204,,,2.700029622502573,nan,,,1.000503659248352,,None,1.625447856689843,-9.787402897852557,0.22955047705085985,0.3543720543384552,-10.386571886130625,0.2456037402153015
Gaia,DR3,1457300133158341504,207.0903009788017,31.64785733681246,17.794157028198242,2.5326766967773438,2.892167196426943,8.823897113764591,61.40894403272241,-27.46265171579292,,,2.5939700630889515,nan,,,0.9890757203102112,,None,1.3900201773474108,-5.09698056624066,0.28161920416690844,0.1052626445889473,-3.9688360256987645,0.07562146335840225
Gaia,DR3,3742404394566947584,205.52717413726577,16.291219346048035,17.12518882751465,2.270000457763672,3.462412415881491,6.699641980769548,48.173453572368196,-24.075253122822076,,,2.6195842805584775,nan,,,1.0168384313583374,,None,1.124486420334478,-8.972826075370243,2.5443281376973212,0.0691043883562088,-10.253466218569729,0.05291749909520149
Gaia,DR3,3741817431452032896,203.97451141163197,14.930515930359617,16.722007751464844,2.120450973510742,3.974616214105133,8.136822968255204,56.79408468663639,-23.729574342465952,,,2.4921461120417927,nan,,,0.9914526343345642,,None,0.8050979490814689,-8.827915403111717,-0.27018541239126287,0.06233411282300949,-7.037914756564583,0.04459841549396515
Gaia,DR3,3741644979925388288,204.60436317983533,14.978713497194038,13.303991317749023,0.901555061340332,4.003195343966806,8.025288905148932,66.25711110779666,-23.72634319199448,-20.804533004760742,1.8849434852600098,2.3266431609895055,nan,,,0.9846230149269104,,Gaia_DR3,0.8519493668521805,-8.234133235954754,2.4291716315708247,0.02000911720097065,-9.403598203827947,0.016535012051463127
Gaia,DR3,3740676894296469376,205.36948724138654,13.585804388140915,18.082155227661133,2.5695323944091797,3.9168852525067726,9.39946826569016,64.98649634172067,-23.287372264048088,,,2.5307391282366183,nan,,,0.9709029793739319,,None,1.0590843763628115,-9.264812553904028,2.8901774264530067,0.16848421096801758,-8.257908519406579,0.12070390582084656
Gaia,DR3,1457115041543059328,209.01754284856085,31.455166359422773,13.98399829864502,1.1969261169433594,3.743301315163145,9.12256601940488,64.40775332769324,-27.349371765308184,-21.434478759765625,2.4611310958862305,2.6372540116877023,nan,,,1.0516345500946045,,Gaia_DR3,1.7583772204494879,-5.26122096855588,3.4668026452391514,0.01645510457456112,-6.449649195469581,0.013458005152642727
Gaia,DR3,3742362784923577984,205.55673363948006,16.012612130523582,18.651737213134766,2.7566585540771484,4.389647574983635,6.979253214905758,63.89815324041117,-23.995000807935927,,,2.291545172629965,nan,,,1.0375126600265503,,None,0.988298885594344,-7.905836547052318,-0.008834636608305857,0.20703324675559998,-6.034346493384047,0.15473511815071106
Gaia,DR3,3742170271605295616,205.584275332399,15.812804901912786,16.92525863647461,2.159634590148926,0.5596251950216761,7.180096919770051,55.833216228950775,-23.936873963312877,,,2.7107175040329756,nan,,,1.04750657081604,,None,1.1741792248727894,-9.39992755932543,1.0858424132341487,0.07021526247262955,-9.707280768407339,0.05286075547337532
Gaia,DR3,3741843373053785216,204.22822698624302,15.101739562818027,19.576553344726562,2.674470901489258,0.5668754948339146,7.935933245821899,60.97390751194423,-23.772926927254463,,,2.7238874905932926,nan,,,1.070420503616333,,None,0.9272858036428167,-9.609063795373398,0.6151579586899675,0.38390976190567017,-9.701447957822799,0.3022087514400482
Gaia,DR3,3741119310287937408,206.38739090759384,14.208117278600987,19.387279510498047,2.738384246826172,2.4760868861252754,8.84700943869518,62.032247834109675,-23.43748510827468,,,2.4796176422167835,nan,,,1.083085060119629,,None,1.2099849640237967,-8.949726035770176,2.4561736355475556,0.42478248476982117,-8.600040547777926,0.285585880279541
Gaia,DR3,3744334385366754688,200.46270313217525,15.363363214717086,17.058303833007812,2.143167495727539,3.895599121595055,8.836844366736948,61.423583188366734,-23.91252575437285,,,2.5897027426000045,nan,,,0.9577987790107727,,None,0.2125649959136493,-9.066774159027663,0.19506658723678605,0.07704218477010727,-11.193447484145883,0.051601432263851166
Gaia,DR3,3741957069428917632,205.42183860648794,14.90018744792079,16.01856803894043,1.8593292236328125,1.7158150542307427,8.086392504114816,56.28077863102314,-23.677567220946315,,,2.5002734158470745,nan,,,0.9901908040046692,,None,1.0552783718586176,-8.869379244318038,1.60608111637436,0.04950319975614548,-9.586675036634608,0.031677037477493286
Gaia,DR3,3746075358950257792,202.24427225776736,17.152041223793585,14.905529975891113,1.552678108215332,3.641095451883467,6.460036538439612,64.64419728893013,-24.398736229854105,-32.5092658996582,3.9422080516815186,2.871112871973714,nan,,,0.9981523156166077,,Gaia_DR3,0.5869242549913398,-9.59883237205219,0.2785326951759689,0.03020893596112728,-7.416709153196509,0.011598651297390461
Gaia,DR3,3746602192524684416,203.30820325387342,18.06294308902105,18.823036193847656,,3.3898148010407323,5.231353165543168,37.026086360208524,-24.62744428566397,,,2.4788210509792705,nan,,,0.997866153717041,,None,0.6876226304679647,-8.08687085757974,2.406479865480814,0.2314337193965912,-7.658703487898498,0.1277964562177658
Gaia,DR3,3936743487093043072,198.22529194062727,16.26753901901184,19.300201416015625,2.821788787841797,2.167214769479854,9.394046627904997,69.09211983021464,-24.17237462389553,,,2.7143307794157665,nan,,,1.0384407043457031,,None,-0.19451912416942907,-9.285707485367851,-0.49864808478723,0.3849641680717468,-8.083480885107882,0.5004875659942627
Gaia,DR3,3744452269333643520,200.2210795885613,16.114334977969328,18.341711044311523,2.8090972900390625,4.44186390283275,8.319021415570482,59.189310171420004,-24.129415648021677,,,2.4551514320132393,nan,,,0.9484530687332153,,None,0.1607619605198427,-8.432428440258994,2.0623161663942997,0.16890516877174377,-7.140378883165921,0.12823832035064697
Gaia,DR3,3746156551011667840,200.31224131703433,16.506660909131206,18.330595016479492,2.177694320678711,4.235363887246402,7.9450372739382455,60.43173828744487,-24.239838905030556,,,2.713565856265598,nan,,,1.485640287399292,,None,0.19467966456517383,-9.225263392091865,-1.832707139500788,0.2295742630958557,-7.898691347332256,0.1688406616449356
Gaia,DR3,1468193097933475456,202.30629116468768,30.311721170096465,18.235301971435547,2.35443115234375,4.498619398102464,7.77102028385896,66.76803656338384,-27.365266220258583,,,2.3070153733105463,nan,,,1.0065993070602417,,None,0.4814280070867598,-4.807332450353319,-0.979055767403654,0.10859019309282303,-3.1782983695350104,0.07775448262691498
Gaia,DR3,3746176170422244352,200.173041374128,16.7365179968981,13.619972229003906,1.128849983215332,3.1952297398661695,7.835195674614472,67.04817442690901,-24.305036147988428,-13.440104484558105,2.0070602893829346,2.308018758267875,nan,,,1.567909836769104,,Gaia_DR3,0.14350961586755284,-7.7990147695549386,-0.7623636771979283,0.030838200822472572,-9.062474830477434,0.02273145131766796
Gaia,DR3,3746083296049735936,201.5802328935578,16.818837999188425,12.499403953552246,0.7636928558349609,4.234831337136414,7.043074259224633,48.769618809889856,-24.315709227373617,5.346308708190918,1.1209392547607422,2.523885354283644,nan,,,0.9820780754089355,,Gaia_DR3,0.40089426681170437,-8.511829838077583,-1.6429441442444905,0.015971623361110687,-7.56337222791079,0.008670040406286716
Gaia,DR3,3745582296704320768,204.63774529829237,17.415586047227578,13.998435020446777,1.0704832077026367,4.699566090303276,5.593684107108908,46.229227903397486,-24.417246079778803,-51.378135681152344,6.39645528793335,2.376295819275158,nan,,,1.043628215789795,,Gaia_DR3,0.8755582142540881,-7.896708481731935,-0.20547191301837386,0.020782843232154846,-9.988069335349794,0.016991328448057175
Gaia,DR3,3938952822565692544,199.75314424979211,19.251622712467697,16.938335418701172,2.1064882278442383,3.7256462088463764,6.306562034299698,47.939300880851135,-24.98612503443333,,,2.4103277649857806,nan,,,0.9758890867233276,,None,0.08032570305178188,-7.594295999017746,-1.2016728515687851,0.06801921874284744,-8.98721829337012,0.047815386205911636
Gaia,DR3,3746602196818562688,203.30809878648842,18.062384412955183,16.62523651123047,2.2084388732910156,3.63851414092151,5.231912923847111,44.26651718956778,-24.627295766425707,,,2.3738726003116817,nan,,,1.1131529808044434,,None,0.6584930292234144,-7.744608390865574,2.380208634739235,0.07186966389417648,-8.33720346010844,0.03808271512389183
Gaia,DR3,3938508340698165248,199.60041788860502,17.738264168946575,19.81671714782715,2.781705856323242,1.292027324843838,7.422230528784711,66.82124578729064,-24.583288947896875,,,2.845693952706727,nan,,,0.9866833090782166,,None,0.06496883291676347,-9.358952664597517,0.691700213329659,0.48888149857521057,-9.814989610231496,0.45904532074928284
Gaia,DR3,3940269071127583360,200.62503237958276,20.632656328630357,18.911144256591797,2.8182544708251953,4.328169491316937,4.85791451591474,33.66584254318542,-25.334570105052425,,,2.5216299316441675,nan,,,1.0249261856079102,,None,0.23509992065172458,-7.623196508464201,2.4451424342694823,0.2557210326194763,-8.262997407804324,0.17360162734985352
Gaia,DR3,3938421552291398272,199.43198824154217,17.295089732909563,18.987403869628906,2.6962051391601562,4.882103872601915,7.854702710102454,54.87911495561028,-24.46219118244664,,,2.590851937263275,nan,,,1.0357842445373535,,None,0.02916323388428621,-8.624454012735356,-2.57168766715788,0.2627568542957306,-8.036427730351338,0.2401532679796219
Gaia,DR3,3938415230099609728,199.84546548493788,17.388860378030945,17.040454864501953,2.151291847229004,1.8330365925991658,7.5214708402799,60.67899450848825,-24.487152990710804,,,2.7558948977591124,nan,,,1.0741554498672485,,None,0.10932541523465744,-9.150715223532394,-0.5553359313012616,0.09365670382976532,-8.318656176000806,0.10787523537874222
Gaia,DR3,3939815385142356736,197.73097575018224,19.087236200790393,19.33548927307129,2.4938812255859375,4.455681680131879,7.987702892707512,67.4536183337379,-24.93745357967495,,,2.3129016136303098,nan,,,1.0389306545257568,,None,-0.24429874454618883,-7.323244006643353,-1.009630740159979,0.38814041018486023,-5.289999089002992,0.40691566467285156
Gaia,DR3,3941458983226732672,196.15390480632496,19.489295247040832,18.595727920532227,2.4395904541015625,3.768835835143956,9.128217258564135,64.64855855001169,-25.02251121351227,,,2.4587918694935413,nan,,,1.0150233507156372,,None,-0.525954516050315,-7.697821739428189,-1.0852658662224124,0.21437020599842072,-9.569573327509472,0.25344493985176086
Gaia,DR3,3938252399299222144,196.27157659711304,18.714829807389982,18.10531997680664,2.582294464111328,3.462933232280401,9.372696987668874,68.52498380198293,-24.821559270913,,,2.4115841053356286,nan,,,1.033474087715149,,None,-0.4963831406711541,-7.72106284266095,0.0025269727843969525,0.1972549855709076,-9.40939775662981,0.24836888909339905
Gaia,DR3,3742052482126490112,205.1927224042581,15.351962382914099,18.742040634155273,2.443857192993164,2.688489309921967,7.632013642190303,53.71599662254977,-23.816996883806905,,,2.475871169587438,nan,,,0.9693282842636108,,None,1.006213238315807,-8.683949149023146,1.2790075530346634,0.21247100830078125,-10.060403597948014,0.13373629748821259
Gaia,DR3,3741817427158060160,203.97419206366018,14.930963500980669,18.20587730407715,,4.653638506757714,8.136422864449127,68.31132721205685,-23.729713762133265,,,2.8189011274423637,nan,,,0.9472633600234985,,None,0.9105958335640922,-9.985266353918952,0.3667028762462593,0.20454248785972595,-7.2738417835254285,0.11328011006116867
Gaia,DR3,3746904768675368960,203.03858526039275,18.849702557071755,13.465903282165527,0.9355936050415039,4.889140807909467,4.602403745864821,42.71150756546301,-24.84313855370358,-61.55398941040039,1.7270863056182861,2.355029147104774,nan,,,1.0376896858215332,,Gaia_DR3,0.6097500096682809,-7.513333073580318,-0.6756199370676078,0.016548383980989456,-5.4543237425266495,0.008087425492703915
Gaia,DR3,3939922797979946880,197.89628562783798,19.815529247974645,8.12308406829834,1.106635570526123,4.454064877629329,7.504035684900709,54.063882572588255,-25.127508029897037,-0.8395537734031677,0.15100567042827606,2.638582110907316,nan,,,1.0348762273788452,,Gaia_DR3,-0.24873374066042375,-8.177069475688269,1.7420715851237092,0.030441220849752426,-9.651801999544984,0.030620038509368896
Gaia,DR3,3939655513575289856,198.06614401758557,19.270336659637046,15.603229522705078,1.6990175247192383,4.103749393163418,7.622007815212129,56.42920657404083,-24.987755844989408,,,2.4148799057045123,nan,,,1.0309988260269165,,None,-0.19946489190783634,-7.605058978222253,1.6654949894181215,0.046079348772764206,-6.663553132053956,0.046624910086393356
Gaia,DR3,3944070361998614528,195.77030317016073,21.289444176364544,15.22702407836914,1.6806573867797852,4.315809334521523,8.89954378257853,66.18938796545368,-25.469657530530412,,,2.7157131610357768,nan,,,1.0912415981292725,,None,-0.6523816938291107,-8.049170820663406,-1.9613292389239487,0.04175355285406113,-5.953578993776393,0.05085776373744011
Gaia,DR3,3745014669531216768,202.98477140425467,16.064910167568975,15.586579322814941,1.7018089294433594,3.6888759318567605,7.227871126755499,50.98025768009311,-24.080120945130016,,,2.6011288773073615,nan,,,1.0414565801620483,,None,0.6638700195515459,-8.95078681180311,-0.30345905178799887,0.0362292118370533,-7.174305294793628,0.020069623365998268
Gaia,DR3,3939448491856123648,201.54374815035976,20.293803062053687,18.648813247680664,2.518970489501953,4.628446131369915,4.337165890876854,41.08087362211094,-25.2404758979555,,,2.3564935782352574,nan,,,1.070609211921692,,None,0.36840221041124144,-7.199960734771471,-1.9289722670122544,0.20530225336551666,-7.106251358554863,0.13615576922893524
Gaia,DR3,3943208482321272576,195.96989698155323,20.51921018360992,15.84987735748291,1.961843490600586,3.5134514961160206,8.921884482514876,62.74356979572426,-25.282090094457953,,,2.624603632299589,nan,,,1.0071864128112793,,None,-0.5945590373551282,-7.967240617507623,-1.6376637988086729,0.05085603520274162,-9.607649723347809,0.06887945532798767
Gaia,DR3,3941561345183563008,195.02578972313702,19.626546550215238,17.717641830444336,2.472200393676758,3.5129090122714715,10.056294216355864,69.43090764426867,-25.035784333398723,,,2.5437585936788825,nan,,,0.9549971222877502,,None,-0.7409221346045682,-7.935891824847485,0.40314096770078045,0.11947795003652573,-6.439292080010041,0.13842922449111938
Gaia,DR3,3746267876564006144,200.6841056875849,17.271170627675815,18.824405670166016,2.7385215759277344,4.524409612626892,7.115258656146604,54.61058417569423,-24.450232099432448,,,2.3919956640918296,nan,,,1.0055993795394897,,None,0.23272116889867966,-7.968493864211686,2.4898740318739954,0.21822357177734375,-7.636321078611836,0.11505474895238876
Gaia,DR3,3957304766851929728,195.40736038050053,24.670998929829892,19.323617935180664,2.645730972290039,3.7897190883214895,9.117071804052987,68.70064539277043,-26.2471796618262,,,2.7394230844335206,nan,,,1.0388683080673218,,None,-0.726261410025983,-7.238973137021395,-2.9070432246890636,0.4691159129142761,-7.05468238620583,0.47294679284095764
Gaia,DR3,3956640803561129600,194.56367599178125,23.452548781553762,15.39413833618164,1.624135971069336,3.2272750978498137,9.787847451955734,68.60076524639325,-25.956042203048973,,,2.6323231351818674,nan,,,1.0491375923156738,,None,-0.8500565353611136,-7.268844938101148,-2.634062365879083,0.045116569846868515,-7.112082336158167,0.040479402989149094
Gaia,DR3,3940212244415851648,199.6352446313594,20.378102895808425,18.10681915283203,2.4330921173095703,4.454040089960144,5.793308821432087,42.91583938234318,-25.275197369886616,,,2.6299146005957996,nan,,,1.1567695140838623,,None,0.0663364906914028,-8.011982556680081,2.156052690579299,0.16047033667564392,-9.327619252784174,0.10400719940662384
Gaia,DR3,3944770059414612608,197.96942631416042,23.18094910053518,18.338253021240234,2.6811904907226562,1.392682170111699,6.657910129144937,48.66300662794105,-25.94709772757353,,,2.637182163818239,nan,,,1.0074489116668701,,None,-0.23535032643921916,-7.337908495066435,0.5362625804383515,0.23535259068012238,-7.401805032415245,0.23942014575004578
Gaia,DR3,3944634789420592768,197.39230529570924,22.570541690106445,14.815061569213867,1.418039321899414,3.2537318037631553,7.213806553032223,57.64915182023947,-25.800294881851034,-18.414520263671875,4.985769271850586,2.735916073510056,nan,,,1.0240377187728882,,Gaia_DR3,-0.3526250376969551,-7.7728914432922345,-0.04593943770058784,0.035463206470012665,-5.921503230332812,0.034742195159196854
Gaia,DR3,3956983713750262016,195.48223990332244,23.614547761179463,16.19095802307129,1.8934507369995117,3.228509375437496,8.949752996524625,62.43086172127158,-26.01324587391161,,,2.6036527285221984,nan,,,0.9848016500473022,,None,-0.6768988729118282,-7.1444649882191085,-2.1785415406078914,0.08126290887594223,-8.085335309529437,0.08608582615852356
Gaia,DR3,3943623101284142336,198.7763622640631,21.582053540185115,15.752920150756836,2.034524917602539,3.583740478071917,6.1102605676218325,42.46272699242286,-25.572774993115598,,,2.50732364389137,nan,,,1.2365005016326904,,None,-0.08474211742837534,-7.35599376035837,-1.3919498285922234,0.05561607703566551,-5.985079125851094,0.05559474229812622
Gaia,DR3,3943829328433648384,197.49771045369664,22.072745649186775,16.454748153686523,2.38559627532959,0.7622155308018435,7.175709244916338,65.6168900873298,-25.683323061611556,,,2.2868517719041375,nan,,,1.0557810068130493,,None,-0.2781900704007203,-6.60476582869425,-0.4581496598921414,0.06935428828001022,-6.284391732515505,0.0833965465426445
